Arquivo,Data,Hora,Vel_Regulamentada (Km/h),Vel_Medida (Km/h),Vel_Considerada (Km/h),Erro
12345MFR10100-238262-2409070135100432.jpg,07/09/2024,01H35MIN10S,040,150,140,
12345MFR10100-238263-2409070135100332.jpg,07/09/2024,01H35MIN10S,040,150,140,
12345MFR10100-238264-2409070135110432.jpg,07/09/2024,01H35MIN11S,040,150,140,
12345MFR10100-238265-2409070135110332.jpg,07/09/2024,01H35MIN11S,040,150,140,
12345MFR10100-238266-2409070135120432.jpg,07/09/2024,01H35MIN12S,040,150,140,
12345MFR10100-238267-2409070135120332.jpg,07/09/2024,01H35MIN12S,040,150,140,
12345MFR10100-238268-2409070135130432.jpg,07/09/2024,01H35MIN13S,040,150,140,
12345MFR10100-238269-2409070135130332.jpg,07/09/2024,01H35MIN13S,040,150,140,
12345MFR10100-238270-2409070135140432.jpg,07/09/2024,01H35MIN14S,040,150,140,
12345MFR10100-238271-2409070135140332.jpg,07/09/2024,01H35MIN14S,040,150,140,
12345MFR10100-238272-2409070135150432.jpg,07/09/2024,01H35MIN15S,040,150,140,
12345MFR10100-238273-2409070135150332.jpg,07/09/2024,01H35MIN15S,040,150,140,
12345MFR10100-238274-2409070135160432.jpg,07/09/2024,01H35MIN16S,040,150,140,
12345MFR10100-238275-2409070135160332.jpg,07/09/2024,01H35MN16S,040,150,140,
12345MFR10100-238276-2409070135170432.jpg,07/09/2024,01H35MIN17S,040,150,140,
12345MFR10100-238277-2409070135170332.jpg,07/09/2024,01H35MIN17S,040,150,140,
12345MFR10100-238278-2409070135180432.jpg,07/09/2024,01H35MIN18S,040,150,140,
12345MFR10100-238279-2409070135180332.jpg,07/09/2024,01H35MN18S,040,150,140,
12345MFR10100-238280-2409070135190432.jpg,07/09/2024,01H35MIN19S,040,150,140,
12345MFR10100-238281-2409070135190332.jpg,07/09/2024,01H35MN19S,040,150,140,
12345MFR10100-241557-2409070205560432.jpg,07/09/2024,02H05MIN56S,040,150,140,
12345MFR10100-241558-2409070205560332.jpg,07/09/2024,02H05MIN56S,040,150,140,
12345MFR10100-241559-2409070205570432.jpg,07/09/2024,02H05MIN57S,040,150,140,
12345MFR10100-241560-2409070205570332.jpg,07/09/2024,02H05MIN57S,040,150,140,
12345MFR10100-241561-2409070205580432.jpg,07/09/2024,02H05MIN58S,040,150,140,
12345MFR10100-241562-2409070205580332.jpg,07/09/2024,02H05MIN58S,040,150,140,
12345MFR10100-241563-2409070205590432.jpg,07/09/2024,02H05MIN59S,040,150,140,
12345MFR10100-241564-2409070205590332.jpg,07/09/2024,02H05MIN59S,040,150,140,
12345MFR10100-241565-2409070206000432.jpg,07/09/2024,02H06MIN00S,040,150,140,
12345MFR10100-241566-2409070206000332.jpg,07/09/2024,02H06MIN00S,040,150,140,
12345MFR10100-241567-2409070206010432.jpg,07/09/2024,02H06MIN01S,040,150,140,
12345MFR10100-241568-2409070206010332.jpg,07/09/2024,02H06MIN01S,040,150,140,
12345MFR10100-241569-2409070206020432.jpg,07/09/2024,02H06MIN02S,040,150,140,
12345MFR10100-241570-2409070206020332.jpg,07/09/2024,02H06MIN025,040,150,140,
12345MFR10100-241571-2409070206030432.jpg,07/09/2024,02H06MIN03S,040,150,140,
12345MFR10100-241572-2409070206030332.jpg,07/09/2024,02H06MIN03S,040,150,140,
12345MFR10100-241573-2409070206040432.jpg,07/09/2024,02H06MIN04S,040,150,140,
12345MFR10100-241574-2409070206040332.jpg,07/09/2024,02H06MIN04S,040,150,140,
12345MFR10100-241575-2409070206050432.jpg,07/09/2024,02H06MIN05S,040,150,140,
12345MFR10100-241576-2409070206050332.jpg,07/09/2024,02H06MIN055,040,150,140,
12345MFR10100-250115-2409070442340432.jpg,07/09/2024,04H42MIN34S,040,150,140,
12345MFR10100-250116-2409070442340332.jpg,07/09/2024,04H42MIN34S,040,150,140,
12345MFR10100-250117-2409070442350432.jpg,07/09/2024,04H42MIN35S,040,150,140,
12345MFR10100-250118-2409070442350332.jpg,07/09/2024,04H42MIN35S,040,150,140,
12345MFR10100-250119-2409070442360432.jpg,07/09/2024,04H42MIN36S,040,150,140,
12345MFR10100-250120-2409070442360332.jpg,07/09/2024,04H42MN36S,040,150,140,
12345MFR10100-250121-2409070442370432.jpg,07/09/2024,04H42MIN37S,040,150,140,
12345MFR10100-250122-2409070442370332.jpg,07/09/2024,04H42MIN37S,040,150,140,
12345MFR10100-250123-2409070442380432.jpg,07/09/2024,04H42MIN38S,040,150,140,
12345MFR10100-250124-2409070442380332.jpg,07/09/2024,04H42MIN38S,040,150,140,
12345MFR10100-250125-2409070442390432.jpg,07/09/2024,04H42MIN39S,040,150,140,
12345MFR10100-250126-2409070442390332.jpg,07/09/2024,04H42MIN39S,040,150,140,
12345MFR10100-250127-2409070442400432.jpg,07/09/2024,04H42MIN40S,040,150,140,
12345MFR10100-250128-2409070442400332.jpg,07/09/2024,04H42MIN40S,040,150,140,
12345MFR10100-250129-2409070442410432.jpg,07/09/2024,04H42MIN41S,040,150,140,
12345MFR10100-250130-2409070442410332.jpg,07/09/2024,04H42MIN41S,040,150,140,
12345MFR10100-250131-2409070442420432.jpg,07/09/2024,04H42MIN42S,040,150,140,
12345MFR10100-250132-2409070442420332.jpg,07/09/2024,04H42MIN425,040,150,140,
12345MFR10100-250133-2409070442430432.jpg,07/09/2024,04H42MIN43S,040,150,140,
12345MFR10100-250134-2409070442430332.jpg,07/09/2024,04H42MIN43S,040,150,140,
12345MFR10100-250135-2409070442440432.jpg,07/09/2024,04H42MIN44S,040,150,140,
12345MFR10100-250136-2409070442440332.jpg,07/09/2024,04H42MIN44S,040,150,140,
12345MFR10100-250137-2409070442450432.jpg,07/09/2024,04H42MIN45S,040,150,140,
12345MFR10100-250138-2409070442450332.jpg,07/09/2024,04H42MIN45S,040,150,140,
12345MFR10100-250139-2409070442460432.jpg,07/09/2024,04H42MIN46S,040,150,140,
12345MFR10100-250140-2409070442460332.jpg,07/09/2024,04H42MIN46S,040,150,140,
12345MFR10100-250141-2409070442470432.jpg,07/09/2024,04H42MIN47S,040,150,140,
12345MFR10100-250142-2409070442470332.jpg,07/09/2024,04H42MIN47S,040,150,140,
12345MFR10100-250143-2409070442480432.jpg,07/09/2024,04H42MIN48S,040,150,140,
12345MFR10100-250144-2409070442480332.jpg,07/09/2024,04H42MIN48S,040,150,140,
12345MFR10100-256241-2409070534100432.jpg,07/09/2024,05H34MIN10S,040,150,140,
12345MFR10100-256242-2409070534100332.jpg,07/09/2024,05H34MIN10S,040,150,140,
12345MFR10100-256243-2409070534110432.jpg,07/09/2024,05H34MIN11S,040,150,140,
12345MFR10100-256244-2409070534110332.jpg,07/09/2024,05H34MIN11S,040,150,140,
12345MFR10100-256245-2409070534120432.jpg,07/09/2024,05H34MIN12S,040,150,140,
12345MFR10100-256246-2409070534120332.jpg,07/09/2024,05H34MIN125,040,150,140,
12345MFR10100-256247-2409070534130432.jpg,07/09/2024,05H34MIN13S,040,150,140,
12345MFR10100-256248-2409070534130332.jpg,07/09/2024,05H34MIN13S,040,150,140,
12345MFR10100-256249-2409070534140432.jpg,07/09/2024,05H34MIN14S,040,150,140,
12345MFR10100-256250-2409070534140332.jpg,07/09/2024,05H34MIN14S,040,150,140,
12345MFR10100-256251-2409070534150432.jpg,07/09/2024,05H34MIN158S,040,150,140,
12345MFR10100-256252-2409070534150332.jpg,07/09/2024,05H34MIN15S,040,150,140,
12345MFR10100-256253-2409070534160432.jpg,07/09/2024,05H34MIN16S,040,150,140,
12345MFR10100-256254-2409070534160332.jpg,07/09/2024,05H34MIN16S,040,150,140,
12345MFR10100-256255-2409070534170432.jpg,07/09/2024,05H34MIN17S,040,150,140,
12345MFR10100-256256-2409070534170332.jpg,07/09/2024,05H34MIN17S,040,150,140,
12345MFR10100-256257-2409070534180432.jpg,07/09/2024,05H34MIN18S,040,150,140,
12345MFR10100-256258-2409070534180332.jpg,07/09/2024,05H34MIN18S,040,150,140,
12345MFR10100-256259-2409070534190432.jpg,07/09/2024,05H34MIN19S,040,150,140,
12345MFR10100-256260-2409070534190332.jpg,07/09/2024,05H34MIN19S,040,150,140,
12345MFR10100-256261-2409070534200432.jpg,07/09/2024,05H34MIN20S,040,150,140,
12345MFR10100-256262-2409070534200332.jpg,07/09/2024,05H34MIN20S,040,150,140,
12345MFR10100-256263-2409070534210432.jpg,07/09/2024,05H34MIN21S,040,150,140,
12345MFR10100-256264-2409070534210332.jpg,07/09/2024,05H34MIN21S,040,150,140,
12345MFR10100-256265-2409070534220432.jpg,07/09/2024,05H34MIN22S,040,150,140,
12345MFR10100-256266-2409070534220332.jpg,07/09/2024,05H34MIN225,040,150,140,
12345MFR10100-256267-2409070534230432.jpg,07/09/2024,05H34MIN23S,040,150,140,
12345MFR10100-256268-2409070534230332.jpg,07/09/2024,05H34MN23S,040,150,140,
12345MFR10100-256269-2409070534240432.jpg,07/09/2024,05H34MIN24S,040,150,140,
12345MFR10100-256270-2409070534240332.jpg,07/09/2024,05H34MIN24S,040,150,140,
12345MFR10100-263173-2409070746140432.jpg,07/09/2024,07H46MIN14S,040,150,140,
12345MFR10100-263174-2409070746140332.jpg,07/09/2024,07H46MIN14S,040,150,140,
12345MFR10100-263175-2409070746150432.jpg,07/09/2024,07H46MIN15S,040,150,140,
12345MFR10100-263176-2409070746150332.jpg,07/09/2024,07H46MIN15S,040,150,140,
12345MFR10100-263177-2409070746160432.jpg,07/09/2024,07H46MIN16S,040,150,140,
12345MFR10100-263178-2409070746160332.jpg,07/09/2024,07H46MIN16S,040,150,140,
12345MFR10100-263179-2409070746170432.jpg,07/09/2024,07H46MIN17S,040,150,140,
12345MFR10100-263180-2409070746170332.jpg,07/09/2024,07H46MIN17S,040,150,140,
12345MFR10100-263181-2409070746180432.jpg,07/09/2024,07H46MIN18S,040,150,140,
12345MFR10100-263182-2409070746180332.jpg,07/09/2024,07H46MIN18S,040,150,140,
12345MFR10100-263183-2409070746190432.jpg,07/09/2024,07H46MIN19S,040,150,140,
12345MFR10100-263184-2409070746190332.jpg,07/09/2024,07H46MIN19S,040,150,140,
12345MFR10100-263185-2409070746200432.jpg,07/09/2024,07H46MIN20S,040,150,140,
12345MFR10100-263186-2409070746200332.jpg,07/09/2024,07H46MIN20S,040,150,140,
12345MFR10100-263187-2409070746210432.jpg,07/09/2024,07H46MIN21S,040,150,140,
12345MFR10100-263188-2409070746210332.jpg,07/09/2024,07H46MIN21S,040,150,140,
12345MFR10100-263189-2409070746220432.jpg,07/09/2024,07H46MIN22S,040,150,140,
12345MFR10100-263190-2409070746220332.jpg,07/09/2024,07H46MIN225,040,150,140,
12345MFR10100-263191-2409070746230432.jpg,07/09/2024,07H462,040,150,140,
12345MFR10100-263192-2409070746230332.jpg,07/09/2024,07H46MIN23S,040,150,140,
12345MFS10100-041180-2409021522400232.jpg,02/09/2024,15H22MIN40S,040,125,116,
12345MFS10100-041181-2409021522400432.jpg,02/09/2024,15H22MIN40S,040,125,116,
12345MFS10100-041182-2409021522400332.jpg,02/09/2024,15H22MIN40S,040,125,116,
12345MFS10100-041183-2409021522410232.jpg,02/09/2024,19H22MIN41S,040,125,116,
12345MFS10100-041184-2409021522410432.jpg,02/09/2024,15H22MIN41S,040,125,116,
12345MFS10100-041185-2409021522410332.jpg,02/09/2024,15H22MIN41S,040,125,116,
12345MFS10100-041186-2409021522420232.jpg,02/09/2024,19H22MIN42S,040,125,116,
12345MFS10100-041187-2409021522420432.jpg,02/09/2024,15H22MIN42S,040,125,116,
12345MFS10100-041188-2409021522420332.jpg,02/09/2024,15H22MIN425,040,125,116,
12345MFS10100-041189-2409021522430232.jpg,02/09/2024,19H22MIN43S,040,125,116,
12345MFS10100-041190-2409021522430432.jpg,02/09/2024,15H22MIN43S,040,125,116,
12345MFS10100-041191-2409021522430332.jpg,02/09/2024,15H22MIN43S,040,125,116,
12345MFS10100-041192-2409021522440232.jpg,02/09/2024,19H22MIN44S,040,125,116,
12345MFS10100-041193-2409021522440432.jpg,02/09/2024,15H22MIN44S,040,125,116,
12345MFS10100-041194-2409021522440332.jpg,02/09/2024,15H22MIN44S,040,125,116,
12345MFS10100-041195-2409021522450232.jpg,02/09/2024,19H22MIN45S,040,125,116,
12345MFS10100-041196-2409021522450432.jpg,02/09/2024,15H22MIN45S,040,125,116,
12345MFS10100-041197-2409021522450332.jpg,02/09/2024,15H22MIN45S,040,125,116,
12345MFS10100-041198-2409021522460232.jpg,02/09/2024,19H22MIN46S,040,125,116,
12345MFS10100-041199-2409021522460432.jpg,02/09/2024,15H22MIN46S,040,125,116,
12345MFS10100-041200-2409021522460332.jpg,02/09/2024,15H22MIN46S,040,125,116,
12345MFS10100-041201-2409021522470232.jpg,02/09/2024,19H22MIN47S,040,125,116,
12345MFS10100-041202-2409021522470432.jpg,02/09/2024,15H22MIN47S,040,125,116,
12345MFS10100-041203-2409021522470332.jpg,02/09/2024,15H22MIN47S,040,125,116,
12345MFS10100-041204-2409021522480232.jpg,02/09/2024,15H22MIN48S,040,125,116,
12345MFS10100-041205-2409021522480432.jpg,02/09/2024,15H22MIN48S,040,125,116,
12345MFS10100-041206-2409021522480332.jpg,02/09/2024,15H22MIN48S,040,125,116,
12345MFS10100-041207-2409021522490332.jpg,02/09/2024,15H22MIN49S,040,125,116,
12345MFS10100-041208-2409021522490232.jpg,02/09/2024,19H22MIN49S,040,125,116,
12345MFS10100-041209-2409021522490432.jpg,02/09/2024,15H22MIN49S,040,125,116,
12345MFS10100-041210-2409021522500232.jpg,02/09/2024,15H22MIN50S,040,125,116,
12345MFS10100-041211-2409021522500432.jpg,02/09/2024,15H22MIN50S,040,125,116,
12345MFS10100-041212-2409021522500332.jpg,02/09/2024,15H22MIN50S,040,125,116,
12345MFS10100-041213-2409021522510232.jpg,02/09/2024,19H22MIN51S,040,125,116,
12345MFS10100-041214-2409021522510432.jpg,02/09/2024,19H22MIN51S,040,125,116,
12345MFS10100-041215-2409021522510332.jpg,02/09/2024,15H22MIN51S,040,125,116,
12345MFS10100-041216-2409021522520232.jpg,02/09/2024,19H22MIN32S,040,125,116,
12345MFS10100-041217-2409021522520432.jpg,02/09/2024,15H22MIN32S,040,125,116,
12345MFS10100-041218-2409021522520332.jpg,02/09/2024,15H22MIN52S,040,125,116,
12345MFS10100-041219-2409021522530232.jpg,02/09/2024,19H22MIN33S,040,125,116,
12345MFS10100-046965-2409021627300232.jpg,02/09/2024,16H27MIN30S,040,125,116,
12345MFS10100-046966-2409021627300432.jpg,02/09/2024,16H27MIN30S,040,125,116,
12345MFS10100-046967-2409021627300332.jpg,02/09/2024,16H27MIN30S,040,125,116,
12345MFS10100-046968-2409021627310232.jpg,02/09/2024,16H27MIN31S,040,125,116,
12345MFS10100-046969-2409021627310432.jpg,02/09/2024,16H27MIN31S,040,125,116,
12345MFS10100-046970-2409021627310332.jpg,02/09/2024,16H27MIN31S,040,125,116,
12345MFS10100-046971-2409021627320232.jpg,02/09/2024,16H27MIN32S,040,125,116,
12345MFS10100-046972-2409021627320432.jpg,02/09/2024,16H27MIN32S,040,125,116,
12345MFS10100-046973-2409021627320332.jpg,02/09/2024,16H27MIN325,040,125,116,
12345MFS10100-046974-2409021627330232.jpg,02/09/2024,16H27MIN33S,040,125,116,
12345MFS10100-046975-2409021627330432.jpg,02/09/2024,16H27MIN33S,040,125,116,
12345MFS10100-046976-2409021627330332.jpg,02/09/2024,16H27MIN33S,040,125,116,
12345MFS10100-046977-2409021627340232.jpg,02/09/2024,16H27MIN34S,040,125,116,
12345MFS10100-046978-2409021627340432.jpg,02/09/2024,16H27MIN34S,040,125,116,
12345MFS10100-046979-2409021627340332.jpg,02/09/2024,16H27MIN34S,040,125,116,
12345MFS10100-046980-2409021627350232.jpg,02/09/2024,16H27MIN35S,040,125,116,
12345MFS10100-046981-2409021627350432.jpg,02/09/2024,16H27MIN35S,040,125,116,
12345MFS10100-046982-2409021627350332.jpg,02/09/2024,16H27MIN35S,040,125,116,
12345MFS10100-046983-2409021627360232.jpg,02/09/2024,16H27MIN36S,040,125,116,
12345MFS10100-046984-2409021627360432.jpg,02/09/2024,16H27MIN36S,040,125,116,
12345MFS10100-046985-2409021627360332.jpg,02/09/2024,16H27MIN368S,040,125,116,
12345MFS10100-046986-2409021627370232.jpg,02/09/2024,16H27MIN37S,040,125,116,
12345MFS10100-046987-2409021627370432.jpg,02/09/2024,16H27MIN37S,040,125,116,
12345MFS10100-046988-2409021627370332.jpg,02/09/2024,16H27MIN37S,040,125,116,
12345MFS10100-046989-2409021627380232.jpg,02/09/2024,16H27MIN38S,040,125,116,
12345MFS10100-046990-2409021627380432.jpg,02/09/2024,16H27MIN38S,040,125,116,
12345MFS10100-046991-2409021627380332.jpg,02/09/2024,16H27MIN38S,040,125,116,
12345MFS10100-046992-2409021627390232.jpg,02/09/2024,16H27MIN39S,040,125,116,
12345MFS10100-046993-2409021627390332.jpg,02/09/2024,16H27MIN39S,040,125,116,
12345MFS10100-046994-2409021627390432.jpg,02/09/2024,16H27MIN39S,040,125,116,
12345MFS10100-046995-2409021627400232.jpg,02/09/2024,16H27MIN40S,040,125,116,
12345MFS10100-046996-2409021627400432.jpg,02/09/2024,16H27MIN40S,040,125,116,
12345MFS10100-046997-2409021627400332.jpg,02/09/2024,16H27MIN40S,040,125,116,
12345MFS10100-046998-2409021627410232.jpg,02/09/2024,16H27MIN41S,040,125,116,
12345MFS10100-046999-2409021627410332.jpg,02/09/2024,16H27MIN41S,040,125,116,
12345MFS10100-047000-2409021627410432.jpg,02/09/2024,16H27MIN41S,040,125,116,
12345MFS10100-047001-2409021627420232.jpg,02/09/2024,16H27MIN42S,040,125,116,
12345MFS10100-047002-2409021627420432.jpg,02/09/2024,16H27MIN42S,040,125,116,
12345MFS10100-047003-2409021627420332.jpg,02/09/2024,16H27MIN42S,040,125,116,
12345MFS10100-047004-2409021627430232.jpg,02/09/2024,16H27MIN43S,040,125,116,
12345MFS10100-047005-2409021627430432.jpg,02/09/2024,16H27MIN43S,040,125,116,
12345MFS10100-047006-2409021627430332.jpg,02/09/2024,16H27MIN43S,040,125,116,
12345MFS10100-047007-2409021627440232.jpg,02/09/2024,16H27MIN44S,040,125,116,
12345MFS10100-047008-2409021627440432.jpg,02/09/2024,16H27MIN44S,040,125,116,
12345MFS10100-047009-2409021627440332.jpg,02/09/2024,16H27MIN44S,040,125,116,
12345MFS10100-047010-2409021627450232.jpg,02/09/2024,16H27MIN45S,040,125,116,
12345MFS10100-047011-2409021627450432.jpg,02/09/2024,16H27MIN45S,040,125,116,
12345MFS10100-047012-2409021627450332.jpg,02/09/2024,16H27MIN45S,040,125,116,
12345MFS10100-047013-2409021627460232.jpg,02/09/2024,16H27MIN46S,040,125,116,
12345MFS10100-047014-2409021627460432.jpg,02/09/2024,16H27MIN46S,040,125,116,
12345MFS10100-048915-2409021648010432.jpg,02/09/2024,16H48MIN01S,040,125,116,
12345MFS10100-048916-2409021648010332.jpg,02/09/2024,16H48MIN01S,040,125,116,
12345MFS10100-048917-2409021648020232.jpg,02/09/2024,16H48MIN02S,040,125,116,
12345MFS10100-048918-2409021648020432.jpg,02/09/2024,16H48MIN02S,040,125,116,
12345MFS10100-048919-2409021648020332.jpg,02/09/2024,16H48MIN025,040,125,116,
12345MFS10100-048920-2409021648030232.jpg,02/09/2024,16H48MIN03S,040,125,116,
12345MFS10100-048921-2409021648030432.jpg,02/09/2024,16H48MIN03S,040,125,116,
12345MFS10100-048922-2409021648030332.jpg,02/09/2024,16H48MIN03S,040,125,116,
12345MFS10100-048923-2409021648040232.jpg,02/09/2024,16H48MIN04S,040,125,116,
12345MFS10100-048924-2409021648040432.jpg,02/09/2024,16H48MIN04S,040,125,116,
12345MFS10100-048925-2409021648040332.jpg,02/09/2024,16H48MIN04S,040,125,116,
12345MFS10100-048926-2409021648050232.jpg,02/09/2024,16H48MIN09S,040,125,116,
12345MFS10100-048927-2409021648050432.jpg,02/09/2024,16H48MIN09S,040,125,116,
12345MFS10100-048928-2409021648050332.jpg,02/09/2024,16H48MIN05S,040,125,116,
12345MFS10100-048929-2409021648060232.jpg,02/09/2024,16H48MIN06S,040,125,116,
12345MFS10100-048930-2409021648060432.jpg,02/09/2024,16H48MIN06S,040,125,116,
12345MFS10100-048931-2409021648060332.jpg,02/09/2024,16H48MIN06S,040,125,116,
12345MFS10100-048932-2409021648070232.jpg,02/09/2024,16H48MIN07S,040,125,116,
12345MFS10100-048933-2409021648070432.jpg,02/09/2024,16H48MIN07S,040,125,116,
12345MFS10100-048934-2409021648070332.jpg,02/09/2024,16H48MIN07S,040,125,116,
12345MFS10100-048935-2409021648080232.jpg,02/09/2024,16H48MIN08S,040,125,116,
12345MFS10100-048936-2409021648080432.jpg,02/09/2024,16H48MIN08S,040,125,116,
12345MFS10100-048937-2409021648080332.jpg,02/09/2024,16H48MIN08S,040,125,116,
12345MFS10100-048938-2409021648090232.jpg,02/09/2024,16H48MIN09S,040,125,116,
12345MFS10100-048939-2409021648090432.jpg,02/09/2024,16H48MIN09S,040,125,116,
12345MFS10100-048940-2409021648090332.jpg,02/09/2024,16H48MIN09S,040,125,116,
12345MFS10100-048941-2409021648100232.jpg,02/09/2024,16H48MIN10S,040,125,116,
12345MFS10100-048942-2409021648100432.jpg,02/09/2024,16H48MIN10S,040,125,116,
12345MFS10100-048943-2409021648100332.jpg,02/09/2024,16H48MIN10S,040,125,116,
12345MFS10100-048944-2409021648110232.jpg,02/09/2024,16H48MIN11S,040,125,116,
12345MFS10100-052234-2409021723500432.jpg,02/09/2024,17H23MIN50S,040,125,116,
12345MFS10100-052235-2409021723500332.jpg,02/09/2024,17H23MIN50S,040,125,116,
12345MFS10100-052236-2409021723510232.jpg,02/09/2024,17H23MIN51S,040,125,116,
12345MFS10100-052237-2409021723510432.jpg,02/09/2024,17H23MIN51S,040,125,116,
12345MFS10100-052238-2409021723510332.jpg,02/09/2024,17H23MIN51S,040,125,116,
12345MFS10100-052239-2409021723520432.jpg,02/09/2024,17H23MIN52S,040,125,116,
12345MFS10100-052240-2409021723520232.jpg,02/09/2024,17H23MIN32S,040,125,116,
12345MFS10100-052241-2409021723520332.jpg,02/09/2024,17H23MIN52S,040,125,116,
12345MFS10100-052242-2409021723530232.jpg,02/09/2024,17H23MIN33S,040,125,116,
12345MFS10100-052243-2409021723530432.jpg,02/09/2024,17H23MIN53S,040,125,116,
12345MFS10100-052244-2409021723530332.jpg,02/09/2024,17H23MIN53S,040,125,116,
12345MFS10100-052245-2409021723540232.jpg,02/09/2024,17H23MIN354S,040,125,116,
12345MFS10100-052246-2409021723540432.jpg,02/09/2024,17H23MIN54S,040,125,116,
12345MFS10100-052247-2409021723540332.jpg,02/09/2024,17H23MIN54S,040,125,116,
12345MFS10100-052248-2409021723550432.jpg,02/09/2024,17H23MIN55S,040,125,116,
12345MFS10100-052249-2409021723550232.jpg,02/09/2024,17H23MIN39S,040,125,116,
12345MFS10100-052250-2409021723550332.jpg,02/09/2024,17H23MIN55S,040,125,116,
12345MFS10100-052251-2409021723560232.jpg,02/09/2024,17H23MIN356S,040,125,116,
12345MFS10100-052252-2409021723560432.jpg,02/09/2024,17H23MIN56S,040,125,116,
12345MFS10100-052253-2409021723560332.jpg,02/09/2024,17H23MIN56S,040,125,116,
12345MFS10100-052254-2409021723570232.jpg,02/09/2024,17H23MIN57S,040,125,116,
12345MFS10100-052255-2409021723570432.jpg,02/09/2024,17H23MIN57S,040,125,116,
12345MFS10100-052256-2409021723570332.jpg,02/09/2024,17H23MIN57S,040,125,116,
12345MFS10100-052257-2409021723580232.jpg,02/09/2024,17H23MIN38S,040,125,116,
12345MFS10100-052258-2409021723580432.jpg,02/09/2024,17H23MIN58S,040,125,116,
12345MFS10100-052259-2409021723580332.jpg,02/09/2024,17H23MIN58S,040,125,116,
12345MFS10100-052260-2409021723590232.jpg,02/09/2024,17H23MIN39S,040,125,116,
12345MFS10100-052261-2409021723590432.jpg,02/09/2024,17H23MIN59S,040,125,116,
12345MFS10100-052262-2409021723590332.jpg,02/09/2024,17H23MIN59S,040,125,116,
12345MFS10100-052263-2409021724000232.jpg,02/09/2024,17H24MIN00S,040,125,116,
12345MFS10100-052264-2409021724000432.jpg,02/09/2024,17H24MIN00S,040,125,116,
12345MFS10100-052265-2409021724000332.jpg,02/09/2024,17H24MIN005,040,125,116,
12345MFS10100-052266-2409021724010232.jpg,02/09/2024,17H24MIN01S,040,125,116,
12345MFS10100-052267-2409021724010432.jpg,02/09/2024,17H24MIN01S,040,125,116,
12345MFS10100-052268-2409021724010332.jpg,02/09/2024,17H24MIN01S,040,125,116,
12345MFS10100-052269-2409021724020232.jpg,02/09/2024,17H24MIN025,040,125,116,
12345MFS10100-052270-2409021724020432.jpg,02/09/2024,17H24MIN02S,040,125,116,
12345MFS10100-052271-2409021724020332.jpg,02/09/2024,17H24MIN025,040,125,116,
12345MFS10100-052272-2409021724030232.jpg,02/09/2024,17H24MIN03S,040,125,116,
12345MFS10100-052273-2409021724030432.jpg,02/09/2024,17H24MIN03S,040,125,116,
12345MFS10100-052824-2409021728290432.jpg,02/09/2024,17H28MIN29S,040,125,116,
12345MFS10100-052825-2409021728290332.jpg,02/09/2024,17H28MN29S,040,125,116,
12345MFS10100-052826-2409021728300232.jpg,02/09/2024,17H28MIN30S,040,125,116,
12345MFS10100-052827-2409021728300432.jpg,02/09/2024,17H28MIN30S,040,125,116,
12345MFS10100-052828-2409021728300332.jpg,02/09/2024,17H28MIN30S,040,125,116,
12345MFS10100-052829-2409021728310232.jpg,02/09/2024,17H28MIN31S,040,125,116,
12345MFS10100-052830-2409021728310432.jpg,02/09/2024,17H28MIN31S,040,125,116,
12345MFS10100-052831-2409021728310332.jpg,02/09/2024,17H28MIN31S,040,125,116,
12345MFS10100-052832-2409021728320232.jpg,02/09/2024,17H28MIN32S,040,125,116,
12345MFS10100-052833-2409021728320432.jpg,02/09/2024,17H28MIN32S,040,125,116,
12345MFS10100-052834-2409021728320332.jpg,02/09/2024,17H28MIN32S,040,125,116,
12345MFS10100-052835-2409021728330232.jpg,02/09/2024,17H28MIN33S,040,125,116,
12345MFS10100-052836-2409021728330432.jpg,02/09/2024,17H28MIN33S,040,125,116,
12345MFS10100-052837-2409021728330332.jpg,02/09/2024,17H28MIN33S,040,125,116,
12345MFS10100-052838-2409021728340232.jpg,02/09/2024,17H28MIN34S,040,125,116,
12345MFS10100-052839-2409021728340432.jpg,02/09/2024,17H28MIN34S,040,125,116,
12345MFS10100-052840-2409021728340332.jpg,02/09/2024,17H28MIN34S,040,125,116,
12345MFS10100-052841-2409021728350232.jpg,02/09/2024,17H28MIN35S,040,125,116,
12345MFS10100-052842-2409021728350432.jpg,02/09/2024,17H28MIN35S,040,125,116,
12345MFS10100-052843-2409021728350332.jpg,02/09/2024,17H28MIN35S,040,125,116,
12345MFS10100-052844-2409021728360232.jpg,02/09/2024,17H28MIN36S,040,125,116,
12345MFS10100-052845-2409021728360432.jpg,02/09/2024,17H28MIN36S,040,125,116,
12345MFS10100-052846-2409021728360332.jpg,02/09/2024,17H28MIN36S,040,125,116,
12345MFS10100-052847-2409021728370232.jpg,02/09/2024,17H28MIN37S,040,125,116,
12345MFS10100-052848-2409021728370432.jpg,02/09/2024,17H28MIN37S,040,125,116,
12345MFS10100-052849-2409021728370332.jpg,02/09/2024,17H28MIN37S,040,125,116,
12345MFS10100-052850-2409021728380232.jpg,02/09/2024,17H28MIN38S,040,125,116,
12345MFS10100-052851-2409021728380432.jpg,02/09/2024,17H28MIN38S,040,125,116,
12345MFS10100-052852-2409021728380332.jpg,02/09/2024,17H28MN38S,040,125,116,
12345MFS10100-052853-2409021728390232.jpg,02/09/2024,17H28MIN39S,040,125,116,
12345MFS10100-052854-2409021728390432.jpg,02/09/2024,17H28MIN39S,040,125,116,
12345MFS10100-052855-2409021728390332.jpg,02/09/2024,17H28MIN39S,040,125,116,
12345MFS10100-052856-2409021728400232.jpg,02/09/2024,17H28MIN40S,040,125,116,
12345MFS10100-052857-2409021728400432.jpg,02/09/2024,17H28MIN40S,040,125,116,
12345MFS10100-052858-2409021728400332.jpg,02/09/2024,17H28MIN40S,040,125,116,
12345MFS10100-052859-2409021728410232.jpg,02/09/2024,17H28MIN41S,040,125,116,
12345MFS10100-052860-2409021728410432.jpg,02/09/2024,17H28MIN41S,040,125,116,
12345MFS10100-052861-2409021728410332.jpg,02/09/2024,17H28MIN41S,040,125,116,
12345MFS10100-052862-2409021728420232.jpg,02/09/2024,17H28MIN42S,040,125,116,
12345MFS10100-052863-2409021728420432.jpg,02/09/2024,17H28MIN42S,040,125,116,
12345MFS10100-052864-2409021728420332.jpg,02/09/2024,17H28MIN42S,040,125,116,
12345MFS10100-052865-2409021728430232.jpg,02/09/2024,17H28MIN43S,040,125,116,
12345MFS10100-052866-2409021728430432.jpg,02/09/2024,17H28MIN43S,040,125,116,
12345MFS10100-052867-2409021728430332.jpg,02/09/2024,17H28MIN43S,040,125,116,
12345MFS10100-052868-2409021728440232.jpg,02/09/2024,17H28MIN44S,040,125,116,
12345MFS10100-052869-2409021728440432.jpg,02/09/2024,17H28MIN44S,040,125,116,
12345MFS10100-052870-2409021728440332.jpg,02/09/2024,17H28MIN44S,040,125,116,
12345MFS10100-052871-2409021728450232.jpg,02/09/2024,17H28MIN45S,040,125,116,
12345MFS10100-052872-2409021728450432.jpg,02/09/2024,17H28MIN45S,040,125,116,
12345MFS10100-052873-2409021728450332.jpg,02/09/2024,17H28MIN45S,040,125,116,
12345MFS10100-052874-2409021728460432.jpg,02/09/2024,17H28MIN46S,040,125,116,
12345MFS10100-052875-2409021728460332.jpg,02/09/2024,17H28MIN46S,040,125,116,
12345MFS10100-052876-2409021728460232.jpg,02/09/2024,17H28MIN46S,040,125,116,
12345MFS10100-052877-2409021728470232.jpg,02/09/2024,17H28MIN47S,040,125,116,
12345MFS10100-052878-2409021728470432.jpg,02/09/2024,17H28MIN47S,040,125,116,
12345MFS10100-052879-2409021728470332.jpg,02/09/2024,17H28MIN47S,040,125,116,
12345MFS10100-052880-2409021728480232.jpg,02/09/2024,17H28MIN48S,040,125,116,
12345MFS10100-052881-2409021728480432.jpg,02/09/2024,17H28MIN48S,040,125,116,
12345MFS10100-052882-2409021728480332.jpg,02/09/2024,17H28MIN48S,040,125,116,
12345MFS10100-052883-2409021728490232.jpg,02/09/2024,17H28MIN49S,040,125,116,
12345MFS10100-052884-2409021728490432.jpg,02/09/2024,17H28MIN49S,040,125,116,
12345MFS10100-052885-2409021728490332.jpg,02/09/2024,17H28MIN49S,040,125,116,
12345MFS10100-052886-2409021728500232.jpg,02/09/2024,17H28MIN30S,040,125,116,
12345MFS10100-052887-2409021728500432.jpg,02/09/2024,17H28MIN50S,040,125,116,
12345MFS10100-052888-2409021728500332.jpg,02/09/2024,17H28MIN50S,040,125,116,
12345MFS10100-052889-2409021728510232.jpg,02/09/2024,17H28MIN51S,040,125,116,
12345MFS10100-052890-2409021728510432.jpg,02/09/2024,17H28MIN51S,040,125,116,
12345MFS10100-052891-2409021728510332.jpg,02/09/2024,17H28MIN51S,040,125,116,
12345MFS10100-052892-2409021728520232.jpg,02/09/2024,17H28MIN32S,040,125,116,
12345MFS10100-052893-2409021728520432.jpg,02/09/2024,17H28MIN52S,040,125,116,
12345MFS10100-053804-2409021735280432.jpg,02/09/2024,17H35MIN28S,040,125,116,
12345MFS10100-053805-2409021735280332.jpg,02/09/2024,17H35MIN28S,040,125,116,
12345MFS10100-053806-2409021735290232.jpg,02/09/2024,17H3,040,125,116,
12345MFS10100-053807-2409021735290432.jpg,02/09/2024,17H35MIN29S,040,125,116,
12345MFS10100-053808-2409021735290332.jpg,02/09/2024,17H35MIN29S,040,125,116,
12345MFS10100-053809-2409021735300232.jpg,02/09/2024,17H3,040,125,116,
12345MFS10100-053810-2409021735300432.jpg,02/09/2024,17H35MIN30S,040,125,116,
12345MFS10100-053811-2409021735300332.jpg,02/09/2024,17H35MIN30S,040,125,116,
12345MFS10100-053812-2409021735310232.jpg,02/09/2024,17H3,040,125,116,
12345MFS10100-053813-2409021735310432.jpg,02/09/2024,17H35MIN31S,040,125,116,
12345MFS10100-053814-2409021735310332.jpg,02/09/2024,17H35MIN31S,040,125,116,
12345MFS10100-053815-2409021735320232.jpg,02/09/2024,17H3,040,125,116,
12345MFS10100-053816-2409021735320432.jpg,02/09/2024,17H35MIN32S,040,125,116,
12345MFS10100-053817-2409021735320332.jpg,02/09/2024,17H35MIN32S,040,125,116,
12345MFS10100-053818-2409021735330232.jpg,02/09/2024,17H3,040,125,116,
12345MFS10100-053819-2409021735330432.jpg,02/09/2024,17H35MIN33S,040,125,116,
12345MFS10100-053820-2409021735330332.jpg,02/09/2024,17H35MIN33S,040,125,116,
12345MFS10100-053821-2409021735340232.jpg,02/09/2024,17H3,040,125,116,
12345MFS10100-053822-2409021735340432.jpg,02/09/2024,17H35MIN34S,040,125,116,
12345MFS10100-053823-2409021735340332.jpg,02/09/2024,17H35MIN34S,040,125,116,
12345MFS10100-053824-2409021735350232.jpg,02/09/2024,17H3,040,125,116,
12345MFS10100-053825-2409021735350432.jpg,02/09/2024,17H35MIN35S,040,125,116,
12345MFS10100-053826-2409021735350332.jpg,02/09/2024,17H35MIN35S,040,125,116,
12345MFS10100-053827-2409021735360232.jpg,02/09/2024,17H3,040,125,116,
12345MFS10100-053828-2409021735360432.jpg,02/09/2024,17H35MIN36S,040,125,116,
12345MFS10100-053829-2409021735360332.jpg,02/09/2024,17H35MIN36S,040,125,116,
12345MFS10100-053830-2409021735370232.jpg,02/09/2024,17H3,040,125,116,
12345MFS10100-053831-2409021735370432.jpg,02/09/2024,17H35MIN37S,040,125,116,
12345MFS10100-053832-2409021735370332.jpg,02/09/2024,17H35MIN37S,040,125,116,
12345MFS10100-053833-2409021735380232.jpg,02/09/2024,17H3,040,125,116,
12345MFS10100-053834-2409021735380432.jpg,02/09/2024,17H35MIN38S,040,125,116,
12345MFS10100-053835-2409021735380332.jpg,02/09/2024,17H35MIN38S,040,125,116,
12345MFS10100-053836-2409021735390232.jpg,02/09/2024,17H3,040,125,116,
12345MFS10100-053837-2409021735390432.jpg,02/09/2024,17H35MIN39S,040,125,116,
12345MFS10100-053838-2409021735390332.jpg,02/09/2024,17H35MIN39S,040,125,116,
12345MFS10100-053839-2409021735400232.jpg,02/09/2024,17H3,040,125,116,
12345MFS10100-053840-2409021735400432.jpg,02/09/2024,17H35MIN40S,040,125,116,
12345MFS10100-053841-2409021735400332.jpg,02/09/2024,17H35MIN40S,040,125,116,
12345MFS10100-053842-2409021735410232.jpg,02/09/2024,17H39MIN41S,040,125,116,
12345MFS10100-053843-2409021735410432.jpg,02/09/2024,17H35MIN41S,040,125,116,
20241126.143342.70962.1f.striped.jpg,26/11/2024,11H33MIN41S,30,72,65,
20241126.143342.70962.pan.striped.jpg,26/11/2024,11H33MIN41S,30,72,65,
20241126.143347.70966.1f.striped.jpg,26/11/2024,11H33MIN,30,72,65,
20241126.143347.70966.pan.striped.jpg,26/11/2024,11H33MIN,30,72,65,
20241126.143357.70975.pan.striped.jpg,26/11/2024,11H33MIN57S,30,72,65,
20241126.143358.70975.1f.striped.jpg,26/11/2024,11H33MIN57S,30,72,65,
20241126.143509.71035.1f.striped.jpg,26/11/2024,11H35MIN09S,30,72,65,
20241126.143509.71035.pan.striped.jpg,26/11/2024,11H35MIN09S,30,72,65,
20241126.143519.71043.1f.striped.jpg,26/11/2024,11H35MIN18S,30,72,65,
20241126.143519.71043.pan.striped.jpg,26/11/2024,11H35MIN18S,30,72,65,
20241126.143545.71065.1f.striped.jpg,26/11/2024,11H35MIN44S,30,72,65,
20241126.143545.71065.pan.striped.jpg,26/11/2024,11H35MIN44S,30,72,65,
20241126.143641.71112.1f.striped.jpg,26/11/2024,11H36MIN40S,30,72,65,
20241126.143641.71112.pan.striped.jpg,26/11/2024,11H36MIN40S,30,72,65,
20241126.143732.71155.1f.striped.jpg,26/11/2024,11H37MIN32S,30,72,65,
20241126.143732.71155.pan.striped.jpg,26/11/2024,11H37MIN32S,30,72,65,
20241126.143833.71206.1f.striped.jpg,26/11/2024,11H38MIN32S,30,72,65,
20241126.143833.71206.pan.striped.jpg,26/11/2024,11H38MIN32S,30,72,65,
20241126.143935.71258.1f.striped.jpg,26/11/2024,11H39MIN34S,30,72,65,
20241126.143935.71258.pan.striped.jpg,26/11/2024,11H39MIN34S,30,72,65,
20241126.144106.71334.1f.striped.jpg,26/11/2024,11H41MIN05S,30,72,65,
20241126.144106.71334.pan.striped.jpg,26/11/2024,11H41MIN05S,30,72,65,
20241126.144258.71428.1f.striped.jpg,26/11/2024,11H42MIN57S,30,72,65,
20241126.144258.71428.pan.striped.jpg,26/11/2024,11H42MIN57S,30,72,65,
20241126.144400.71480.1f.striped.jpg,26/11/2024,11H43MIN59S,30,72,65,
20241126.144400.71480.pan.striped.jpg,26/11/2024,11H43MIN59S,30,72,65,
214492\420225_11.jpg,18/08/2025,10H4,20,40,,
214493\420227_11.jpg,18/08/2025,10H4,20,40,,
214494\420229_11.jpg,18/08/2025,10H4,20,40,,
214495\420231_11.jpg,18/08/2025,10H4,20,40,,
214496\420233_11.jpg,18/08/2025,10H4,20,40,,
214497\420235_11.jpg,18/08/2025,10H4,20,40,,
214498\420237_11.jpg,18/08/2025,10H4,20,40,,
214499\420239_11.jpg,18/08/2025,10H4,20,40,,
214500\420241_11.jpg,18/08/2025,10H4,20,40,,
214501\420243_11.jpg,18/08/2025,10H4,20,40,,
214502\420245_11.jpg,18/08/2025,10H4,20,40,,
214503\420247_11.jpg,18/08/2025,10H4,20,40,,
214504\420249_11.jpg,18/08/2025,10H4,20,40,,
214505\420251_11.jpg,18/08/2025,10H4,20,40,,
214506\420253_11.jpg,18/08/2025,10H4,20,40,,
214507\420255_11.jpg,18/08/2025,10H4,20,40,,
214508\420257_11.jpg,18/08/2025,10H4,20,40,,
214509\420259_11.jpg,18/08/2025,10H4,20,40,,
214510\420261_11.jpg,18/08/2025,10H4,20,40,,
214511\420263_11.jpg,18/08/2025,10H4,20,40,,
214512\420265_11.jpg,18/08/2025,10H4,20,40,,
214513\420267_11.jpg,18/08/2025,10H4,20,40,,
214514\420269_11.jpg,18/08/2025,10H46MIN00S,20,40,,
214515\420271_11.jpg,18/08/2025,10H46MIN03S,20,40,,
214516\420273_11.jpg,18/08/2025,10H46MIN0,20,40,,
214517\420275_11.jpg,18/08/2025,10H46MIN0,20,40,,
214518\420277_11.jpg,18/08/2025,10H46MIN1IS,20,40,,
214519\420279_11.jpg,18/08/2025,10H46MIN14S,20,40,,
214520\420281_11.jpg,18/08/,10H46MIN16S,20,40,,
214521\420283_11.jpg,18/08/2025,10H46MIN19S,20,40,,
214522\420285_11.jpg,18/08/2025,10H46MIN22S,20,40,,
214523\420287_11.jpg,18/08/2025,10H46MIN24S,20,40,,
214524\420289_11.jpg,18/08/2025,10H46MIN27S,20,40,,
214525\420291_11.jpg,18/08/2025,10H46MIN30S,20,40,,
214526\420293_11.jpg,18/08/2025,10H46MIN33S,20,40,,
214527\420295_11.jpg,18/08/2025,10H46MIN3,20,40,,
214528\420297_11.jpg,18/08/2025,10H46MIN38S,20,40,,
214529\420299_11.jpg,18/,10H46MIN41S,20,40,,
214530\420301_11.jpg,18/08/2025,10H46MIN44S,20,40,,
214531\420303_11.jpg,18/08/2025,10H46MIN46S,20,40,,
214532\420305_11.jpg,18/08/2025,10H46MIN49S,20,40,,
214533\420307_11.jpg,18/08/2025,10H4,20,40,,
214534\420309_11.jpg,18/08/2025,10H46MIN,20,40,,
214535\420311_11.jpg,18/08/2025,10,20,40,,
214536\420313_11.jpg,18/08/2025,10H47MIN00S,20,40,,
214537\420315_11.jpg,18/08/2025,10H47MIN03S,20,40,,
214538\420317_11.jpg,18/08/2025,10H47,20,40,,
214539\420319_11.jpg,18/08/2025,10H47MIN08S,20,40,,
214540\420321_11.jpg,18/08/2025,1,20,40,,
214541\420323_11.jpg,18/08/2025,10H47MIN14S,20,40,,
214542\420325_11.jpg,18/08/2025,10H681,20,40,,
214543\420327_11.jpg,18/08/2025,10H47MINI19S,20,40,,
214544\420329_11.jpg,18/08/2025,10H47MIN22,20,40,,
214545\420331_11.jpg,18/08/2025,10H47MIN2,20,40,,
214546\420333_11.jpg,18/08/2025,10H47MIN27S,20,40,,
214547\420335_11.jpg,18/08/2025,10H47MIN30S,20,40,,
214548\420337_11.jpg,18/08/2025,10H47,20,40,,
214549\420339_11.jpg,18/08/2025,10H47MIN36S,20,40,,
214550\420341_11.jpg,19/08/9025,10H47MIN38S,20,40,,
214551\420343_11.jpg,18/08/2025,10H47MIN41S,20,40,,
214552\420345_11.jpg,18/08/2025,10H47,20,40,,
214553\420347_11.jpg,18/08/2025,1,20,4,,Resultado parcial
214554\420349_11.jpg,18/08/2025,10H47MIN49S,20,40,,
214555\420351_11.jpg,18/08/2025,10H47MIN,20,40,,
214556\420353_11.jpg,18/08/2025,10H47MIN,20,40,,
214557\420355_11.jpg,18/08/2025,10H47MIN5,20,40,,
214558\420357_11.jpg,18/08/2025,10H48MIN00S,20,40,,
214559\420359_11.jpg,18/08/2025,10H48MIN03S,20,40,,
214560\420361_11.jpg,18/08/2025,10H48MIN06S,20,40,,
214561\420363_11.jpg,18/08/2025,10H48MIN08S,20,40,,
214562\420365_11.jpg,18/08/2025,10H48MIN1IS,20,40,,
214563\420367_11.jpg,18/08/2025,10H48MIN14S,20,40,,
214564\420369_11.jpg,18/08/2025,10H48MIN16S,20,40,,
214565\420371_11.jpg,18/08/2025,10H48MIN19S,20,40,,
214566\420373_11.jpg,18/08/2025,10H48MIN22S,20,40,,
214567\420375_11.jpg,18/08/2025,10H48MIN2,20,40,,
214568\420377_11.jpg,18/08/2025,10H48MIN27S,20,40,,
214569\420379_11.jpg,18/08/2025,10H48MIN30S1,20,40,,
214570\420381_11.jpg,18/08/2025,10H48MIN33S,20,40,,
214571\420383_11.jpg,18/08/2025,10H48MIN36S,20,40,,
214572\420385_11.jpg,18/08/2025,10H48MIN38S,20,40,,
214573\420387_11.jpg,18/08/2025,10H48MIN41S,20,40,,
214574\420389_11.jpg,18/08/2025,10H48MIN44S,20,40,,
214575\420391_11.jpg,18/08/2025,10H48MIN47S,20,40,,
214576\420393_11.jpg,18/08/2025,10H48MIN49S,20,40,,
214577\420395_11.jpg,18/08/2025,10H48MIN52S,20,40,,
214578\420397_11.jpg,18/08/2025,10H48MIN,20,40,,
214579\420399_11.jpg,18/08/2025,10H48MIN,20,40,,
214580\420401_11.jpg,18/08/,10H49MIN00S,20,40,,
214581\420403_11.jpg,18/08/2025,10H49MIN03S,20,40,,
214582\420405_11.jpg,18/08/2025,10H49MIN06S,20,40,,
214583\420407_11.jpg,18/08/2025,10H49MIN08S,20,40,,
214584\420409_11.jpg,18/08/2025,10H49MIN,20,40,,
214585\420411_11.jpg,18/08/2025,10H49MIN14S,20,40,,
214586\420413_11.jpg,18/08/2025,10H49MIN17S,20,40,,
214587\420415_11.jpg,18/08/2025,10H49MIN19S,20,40,,
214588\420417_11.jpg,18/08/2025,10H49MIN22S,20,40,,
214589\420419_11.jpg,18/08/2025,10H49MIN2,20,40,,
214590\420421_11.jpg,18/08/2025,10H49MIN28S,20,40,,
214591\420423_11.jpg,18/08/2025,10H49MIN30S,20,40,,
214592\420425_11.jpg,18/08/2025,10H49MIN33S,20,40,,
214593\420427_11.jpg,18/08/2025,10H49MIN36S,20,40,,
214594\420429_11.jpg,18/08/2025,10H49MIN38S,20,40,,
214595\420431_11.jpg,18/08/2025,10H49MIN41SM,20,40,,
214596\420433_11.jpg,18/08/2025,10H49MIN44S,20,40,,
214597\420435_11.jpg,18/08/2025,10H49MIN47S,20,40,,
214598\420437_11.jpg,18/08/2025,10H49MIN49S,20,40,,
214599\420439_11.jpg,18/08/2025,10H49MIN,20,40,,
214600\420441_11.jpg,18/08/2025,10H49MIN,20,40,,
214601\420443_11.jpg,18/08/2025,10H49MIN,20,40,,
214602\420445_11.jpg,18/08/2025,10H50MIN00S,20,40,,
214603\420447_11.jpg,18/08/2025,10H50MIN03S,20,40,,
214604\420449_11.jpg,18/08/2025,10H50MIN06S,20,40,,
214605\420451_11.jpg,18/08/2025,10H50MIN09S,20,40,,
214606\420453_11.jpg,18/08/2025,10H50MIN,20,40,,
214607\420455_11.jpg,18/08/2025,10H50MINI14S,20,40,,
214608\420457_11.jpg,18/08/2025,10H50MIN17S,20,40,,
214609\420459_11.jpg,18/08/2025,10H50MINI19S,20,40,,
214610\420461_11.jpg,18/08/2025,10H50MIN22S,20,40,,
214611\420463_11.jpg,18/08/2025,10H50MIN2,20,40,,
214612\420465_11.jpg,18/08/2025,10H50MIN28S,20,40,,
214613\420467_11.jpg,18/08/2025,10H50MIN30S,20,40,,
214614\420469_11.jpg,18/08/2025,10H50MIN33S,20,40,,
214615\420471_11.jpg,18/08/9,10H50MIN36S,20,40,,
214616\420473_11.jpg,18/08/2025,10H50MIN39S,20,40,,
214617\420475_11.jpg,18/08/2025,10H50MIN41S,20,40,,
214618\420477_11.jpg,18/08/2025,10H50MIN44S,20,40,,
214619\420479_11.jpg,18/08/2025,10H50MIN47S,20,40,,
214620\420481_11.jpg,18/08/2025,10H50MIN49S,20,40,,
214621\420483_11.jpg,18/08/2025,10H50MIN,20,40,,
214622\420485_11.jpg,18/08/2025,10H50MIN,20,40,,
214623\420487_11.jpg,18/08/2025,10H50MIN,20,40,,
214624\420489_11.jpg,18/08/2025,1,20,40,,
214625\420491_11.jpg,18/08/2025,10H5IMIN03S,20,40,,
214626\420493_11.jpg,18/08/2025,10H51MIN06S,20,40,,
214627\420495_11.jpg,18/08/2025,10H5IMIN09S,20,40,,
214628\420497_11.jpg,18/08/2025,10H5IMINI,20,40,,
214629\420499_11.jpg,18/08/2025,10H51MI,20,40,,
214630\420501_11.jpg,18/08/2025,10H5,20,40,,
214631\420503_11.jpg,18/08/2025,10H51MIN20S,20,40,,
214632\420505_11.jpg,18/08/2025,10H51IMIN22S,20,40,,
214633\420507_11.jpg,18/08/2025,10H5IMIN2,20,40,,
214634\420509_11.jpg,18/08/2025,10H51IMIN28S,20,40,,
214635\420511_11.jpg,18/08/2025,10H51MIN30S,20,40,,
214636\420513_11.jpg,18/08/2025,10H5IMIN33S,20,40,,
214637\420515_11.jpg,18/08/2025,10H5IMIN36S,20,40,,
214638\420517_11.jpg,18/08/2025,10H5IMIN39S,20,40,,
214639\420519_11.jpg,18/08/2025,10H5IMIN41S,20,40,,
214640\420521_11.jpg,18/08/2025,10H51MIN44S,20,40,,
214641\420523_11.jpg,18/08/2025,10H51MIN47S,20,40,,
214642\420525_11.jpg,18/08/2025,10H5IMIN,20,40,,
214643\420527_11.jpg,18/08/2025,10H51MIN,20,40,,
214644\420529_11.jpg,18/08/2025,10H5IMIN,20,40,,
214645\420531_11.jpg,18/08/2025,10H5IMIN,20,40,,
214646\420533_11.jpg,18/08/2025,10H52MIN01S,20,40,,
214647\420535_11.jpg,18/08/2025,10H52MIN03S,20,40,,
214648\420537_11.jpg,18/08/2025,10H52MIN06S,20,40,,
214649\420539_11.jpg,18/08/2025,10H52MIN09S,20,40,,
214650\420541_11.jpg,18/08/2025,10H52MIN1IS,20,40,,
214651\420543_11.jpg,18/08/2025,10H52MIN14S,20,40,,
214652\420545_11.jpg,18/08/2025,10H52MIN17S,20,40,,
214653\420547_11.jpg,18/08/2025,10H52MIN20S,20,40,,
214654\420549_11.jpg,18/08/2025,10H52MIN22S,20,40,,
214655\420551_11.jpg,18/08/2025,10H52MIN25S,20,40,,
214656\420553_11.jpg,18/08/2025,10H52MIN28S,20,40,,
214657\420555_11.jpg,18/08/2025,10H52MIN31S,20,40,,
214658\420557_11.jpg,18/08/2025,10H52MIN33S,20,40,,
214659\420559_11.jpg,18/08/2025,10H52MIN36S,20,40,,
214660\420561_11.jpg,18/08/2025,10H52MIN39S,20,40,,
214661\420563_11.jpg,18/08/2025,10H52MIN41S,20,40,,
214662\420565_11.jpg,18/08/2025,6681,20,40,,
214663\420567_11.jpg,18/08/2025,10H52MIN47S,20,40,,
214664\420569_11.jpg,18/08/2025,10H52MIN,20,40,,
214665\420571_11.jpg,18/08/2025,10H52MIN,20,40,,
214666\420573_11.jpg,18,10H52MIN,20,40,,
214667\420575_11.jpg,18/08/2025,10H52MIN,20,40,,
214668\420577_11.jpg,18/08/2025,10H53MIN01S,20,40,,
214669\420579_11.jpg,18/08/2025,10H53MIN03S,20,40,,
214670\420581_11.jpg,18/08/2025,10H53MIN06S,20,40,,
214671\420583_11.jpg,18/08/2025,10H53MIN09S,20,40,,
214672\420585_11.jpg,18/08/2025,10H53MIN12S,20,40,,
214673\420587_11.jpg,18/08/2025,10H53MIN14S,20,40,,
214674\420589_11.jpg,18/08/2025,10H53MIN17,20,40,,
214675\420591_11.jpg,18/08/2025,10H53MIN20S,20,40,,
214676\420593_11.jpg,18/08/2025,10H53MIN22S,20,40,,
214677\420595_11.jpg,18/08/2025,10H53MIN2,20,40,,
214678\420597_11.jpg,18/08/2025,10H53MIN28S,20,40,,
214679\420599_11.jpg,18/08/2025,10H53MIN31S,20,40,,
214680\420601_11.jpg,18/08/2025,10H53MIN33S,20,40,,
214681\420603_11.jpg,18/08/2025,10H53MIN36S,20,40,,
214682\420605_11.jpg,18/08/2025,10H53MIN39S,20,40,,
214683\420607_11.jpg,18/08/2025,10H53MIN42S,20,40,,
214684\420609_11.jpg,18/08/2025,10H53MIN44S,20,40,,
214685\420611_11.jpg,18/08/2025,10H53MIN47S,20,40,,
214686\420613_11.jpg,18/08/2025,10H53MIN,20,40,,
214687\420615_11.jpg,18/08/2025,10H53MIN,20,40,,
214688\420617_11.jpg,18/08/2025,10H53MIN,20,40,,
214689\420619_11.jpg,18/08/2025,10H53MIN,20,40,,
214690\420621_11.jpg,18/08/2025,10H54MIN01S,20,40,,
214691\420623_11.jpg,18/08/2025,10H54MIN03S,20,40,,
214692\420625_11.jpg,18/08/2025,10H,20,4,,Resultado parcial
214693\420627_11.jpg,18/08/2025,10H54MIN09S,20,40,,
214694\420629_11.jpg,18/08/2025,10H54MIN12S,20,40,,
214695\420631_11.jpg,18/08/2025,10H54MIN14S,20,40,,
214696\420633_11.jpg,18/08/2025,10H54MIN17S,20,40,,
214697\420635_11.jpg,18/08/2025,10H54MIN20S,20,40,,
214698\420637_11.jpg,18/08/2025,10H54MIN23S,20,40,,
214699\420639_11.jpg,18/08/2025,10H54MIN25S,20,40,,
214700\420641_11.jpg,18/08/2025,10H54MIN28S,20,40,,
214701\420643_11.jpg,18/08/2025,10H54MIN31S,20,40,,
214702\420645_11.jpg,18/08/2025,10H54MIN33S,20,40,,
214703\420647_11.jpg,18/08/2025,10H54MIN36S,20,40,,
214704\420649_11.jpg,18/08/2025,10H54MIN39S,20,40,,
214705\420651_11.jpg,18/08/2025,10H54MIN42S,20,40,,
214706\420653_11.jpg,18/08/2025,10H54MIN44S,20,40,,
214707\420655_11.jpg,18/08/2025,10H54MIN4,20,40,,
214708\420657_11.jpg,18/08/2025,10H54MIN,20,40,,
214709\420659_11.jpg,18/08/2025,10H54MIN53S,20,40,,
214710\420661_11.jpg,18/08/2025,10H54MIN,20,40,,
214711\420663_11.jpg,18/08/2025,10H54MIN,20,40,,
214712\420665_11.jpg,18/08/2025,10H5,20,40,,
214713\420667_11.jpg,18/08/2025,10H5,20,40,,
214714\420669_11.jpg,18/08/2025,10H5,20,40,,
214715\420671_11.jpg,18/08/2025,10H5,20,40,,
214716\420673_11.jpg,18/08/2025,10H5,20,40,,
214717\420675_11.jpg,18/08/2025,10H55M,20,40,,
214718\420677_11.jpg,18/08/2025,10H55MIN17S,20,40,,
214719\420679_11.jpg,18/08/2025,10H5,20,40,,
214720\420681_11.jpg,18/08/2025,10H5,20,40,,
214721\420683_11.jpg,18/08/2025,10H5,20,40,,
214722\420685_11.jpg,18/08/2025,10H5,20,40,,
214723\420687_11.jpg,18/08/2025,10H5,20,40,,
214724\420689_11.jpg,18/08/2025,10H5,20,40,,
214725\420691_11.jpg,18/08/2025,10H5,20,40,,
214726\420693_11.jpg,18/08/2025,10H5,20,40,,
214727\420695_11.jpg,18/08/2025,10H5,20,40,,
214728\420697_11.jpg,18/08/2025,10H5,20,40,,
214729\420699_11.jpg,18/08/2025,10,20,40,,
214730\420701_11.jpg,18/08/2025,10H5,20,40,,
214731\420703_11.jpg,18/08/2025,10H5,20,40,,
214732\420705_11.jpg,18/08/2025,10H5,20,40,,
214733\420707_11.jpg,18/08/2025,10H5,20,40,,
214734\420709_11.jpg,18/08/2025,10H56MIN01S,20,40,,
214735\420711_11.jpg,18/08/2025,10H56MIN04S,20,40,,
214736\420713_11.jpg,18/08/2025,10H56MIN06S,20,40,,
214737\420715_11.jpg,18/08/2025,10H56MIN09S,20,40,,
214738\420717_11.jpg,18/08/2025,10H56MIN12S,20,40,,
214739\420719_11.jpg,18/08/2025,10H56MINI,20,40,,
214740\420721_11.jpg,18/08/2025,10H56MIN17S,20,40,,
214741\420723_11.jpg,18/08/2025,10H56MIN20S,20,40,,
214742\420725_11.jpg,18/08/2025,10H56MIN23,20,40,,
214743\420727_11.jpg,18/08/2025,10H56MIN2,20,40,,
214744\420729_11.jpg,18/08/2025,10H56MIN28S,20,40,,
214745\420731_11.jpg,18/08/2025,10H56MIN31S,20,40,,
214746\420733_11.jpg,18/08/2025,1,20,40,,
214747\420735_11.jpg,18/08/2025,10H56MIN36S,20,40,,
214748\420737_11.jpg,18/08/2025,10H56MIN39S,20,40,,
214749\420739_11.jpg,18/08/2025,10H5,20,40,,
214750\420741_11.jpg,18/08/2025,10H56MIN45S,20,40,,
214751\420743_11.jpg,18/08/2025,10H56MIN47S,20,40,,
214752\420745_11.jpg,18/08/2025,10H56MINS0S,20,40,,
214753\420747_11.jpg,18/08/2025,10H56MIN,20,40,,
214754\420749_11.jpg,18/08/2025,10H56MIN,20,40,,
214755\420751_11.jpg,18/08/2025,10H56MIN,20,40,,
214756\420753_11.jpg,18/08/2025,10H57MIN01S,20,40,,
214757\420755_11.jpg,18/08/2025,10H57,20,40,,
214758\420757_11.jpg,18/08/2025,10H57,20,40,,
214759\420759_11.jpg,18/08/2025,10H57,20,40,,
214760\420761_11.jpg,18/08/2025,10H57,20,40,,
214761\420763_11.jpg,18/08/2025,10H57MINI,20,40,,
214762\420765_11.jpg,18/08/2025,10H57MIN17S,20,40,,
214763\420767_11.jpg,18/08/2025,10H57,20,40,,
214764\420769_11.jpg,18/08/2025,10H57MIN23S,20,40,,
214765\420771_11.jpg,18/08/2025,10H57MIN26S,20,40,,
214766\420773_11.jpg,18/08/2025,10H57,20,40,,
214767\420775_11.jpg,18/08/2025,10H57MIN31S,20,40,,
214768\420777_11.jpg,18/08/2025,10H57,20,40,,
214769\420779_11.jpg,18/08/2025,10H57MIN37S,20,40,,
214770\420781_11.jpg,18/08/2025,10H57MIN39S,20,40,,
214771\420783_11.jpg,18/08/2025,10H57,20,40,,
214772\420785_11.jpg,18/08/2025,10H57,20,40,,
214773\420787_11.jpg,18/08/2025,10H57,20,40,,
214774\420789_11.jpg,18/08/2025,10H57MIN50S,20,40,,
214775\420791_11.jpg,18/08/2025,10H57MIN,20,40,,
214776\420793_11.jpg,18/08/2025,10H57,20,40,,
214777\420795_11.jpg,18/08/2025,10H57,20,40,,
214778\420797_11.jpg,18/08/2025,10H58MIN01S,20,40,,
214779\420799_11.jpg,18/08/2025,10H58MIN04S,20,40,,
214780\420801_11.jpg,18/08/2025,10H58MIN07S,20,40,,
214781\420803_11.jpg,18/08/2025,M,20,40,,
214782\420805_11.jpg,18/08/2025,10H58MIN12S,20,40,,
214783\420807_11.jpg,18/08/2025,10H58MINI,20,40,,
214784\420809_11.jpg,18/08/2025,10H58MIN17S,20,40,,
214785\420811_11.jpg,18/08/2025,10H58MIN20S,20,4,,Resultado parcial
214786\420813_11.jpg,18/08/2025,1,20,40,,
214787\420815_11.jpg,18/08/2025,10H58MIN26S,20,40,,
214788\420817_11.jpg,18/08/2025,10H58MIN28S,20,40,,
214789\420819_11.jpg,18/08/2025,10H58MIN31S,20,40,,
214790\420821_11.jpg,18/08/2025,10H598MIN34S,20,40,,
214791\420823_11.jpg,18/08/2025,10H58MIN37S,20,40,,
214792\420825_11.jpg,18/08/2025,10H58MIN39S,20,40,,
214793\420827_11.jpg,18/08/2025,10H58MIN42S,20,40,,
214794\420829_11.jpg,18/08/2025,10H58MIN45S,20,40,,
214795\420831_11.jpg,18/08/2025,10H58MIN48S,20,40,,
214796\420833_11.jpg,18/08/2025,10H58MIN50S,20,40,,
214797\420835_11.jpg,18/08/2025,10H58MIN,20,40,,
214798\420837_11.jpg,18/08/2025,1,20,40,,
214799\420839_11.jpg,18/08/2025,10H58MIN,20,40,,
214800\420841_11.jpg,18/08/2025,10H59MIN01S,20,40,,
214801\420843_11.jpg,18/08/2025,10H59MIN04S,20,40,,
214802\420845_11.jpg,18/08/2025,10H59MIN07S,20,40,,
214803\420847_11.jpg,18/08/2025,10H59MIN09S,20,40,,
214804\420849_11.jpg,18/08/2025,10H59MIN12S,20,40,,
214805\420851_11.jpg,18/08/2025,10H59MINI,20,40,,
214806\420853_11.jpg,18/08/2025,10H59MIN18S,20,40,,
214807\420855_11.jpg,18/08/2025,10H59MIN20S,20,40,,
214808\420857_11.jpg,18/08/2025,1,20,40,,
214809\420859_11.jpg,18/08/2025,10H59MIN26S,20,40,,
214810\420861_11.jpg,18/08/2025,10H59MIN29S,20,40,,
214811\420863_11.jpg,18/08/2025,10H59MIN31S,20,40,,
214812\420865_11.jpg,18/08/2025,10H59MIN34S,20,40,,
214813\420867_11.jpg,18/08/2025,10H59MIN37S,20,40,,
214814\420869_11.jpg,18/08/2025,10H59MIN39S,20,40,,
214815\420871_11.jpg,18/08/2025,10H59MIN42S,20,40,,
214816\420873_11.jpg,18/08/2025,10H59MIN4,20,40,,
214817\420875_11.jpg,18/08/2025,10H59MIN48S,20,40,,
214818\420877_11.jpg,18/08/2025,10H59MIN50S,20,40,,
214819\420879_11.jpg,18/08/2025,10H59MIN,20,40,,
214820\420881_11.jpg,18/08/2025,S,20,40,,
214821\420883_11.jpg,18/08/2025,10H59MIN,20,40,,
214822\420885_11.jpg,18/08/2025,11H00MIN01S,20,40,,
214823\420887_11.jpg,18/08/2025,11H00MIN04S,20,40,,
214824\420889_11.jpg,18/08/2025,11H00MIN07S,20,40,,
214825\420891_11.jpg,18/08/2025,11H00MIN09S,20,40,,
214826\420893_11.jpg,1,11H00MIN12S,20,40,,
214827\420895_11.jpg,18/08/2025,11H00MIN,20,40,,
214828\420897_11.jpg,18/08/2025,11H00MIN1,20,40,,
214829\420899_11.jpg,18/08/2025,11H00MIN20S,20,40,,
214830\420901_11.jpg,18/08/2025,11H00MIN23S,20,40,,
214831\420903_11.jpg,18/08/2025,11H00MIN26S,20,40,,
214832\420905_11.jpg,18/08/2025,11H00MIN29S,20,40,,
214833\420907_11.jpg,18/08/2025,11H00MIN31S,20,40,,
214834\420909_11.jpg,18/08/2025,11H00MIN34S,20,40,,
214835\420911_11.jpg,18/08/2025,11H00MIN3,20,40,,
214836\420913_11.jpg,18/08/2025,11H00MIN40S,20,40,,
214837\420915_11.jpg,18/08/2025,11H00MIN42S,20,40,,
214838\420917_11.jpg,18/08/2025,11H00MIN45S,20,40,,
214839\420919_11.jpg,18/08/2025,11H00MIN48S,20,40,,
214840\420921_11.jpg,18/08/2025,11H00MIN,20,40,,
214841\420923_11.jpg,12,1,20,40,,
214842\420925_11.jpg,18/08/2025,11H00MIN56SI,20,40,,
214843\420927_11.jpg,18/08/2025,11H00MIN,20,40,,
214844\420929_11.jpg,18/08/2025,11H0IMIN01S,20,40,,
214845\420931_11.jpg,18/08/2025,11H0IMIN04S,20,40,,
214846\420933_11.jpg,18/08/2025,11H01IMIN07S,20,40,,
214847\420935_11.jpg,18/08/2025,11H01MINI0S,20,40,,
214848\420937_11.jpg,18/08/2025,11H01IMINI12S,20,40,,
214849\420939_11.jpg,18/08/2025,11H0IMIN,20,40,,
214850\420941_11.jpg,18/08/2025,11H0IMIN1S,20,40,,
214851\420943_11.jpg,18/08/2025,11H0IMIN2I1S,20,40,,
214852\420945_11.jpg,18/08/2025,11H0IMIN23S,20,40,,
214853\420947_11.jpg,18/08/2025,11H01MIN26S,20,40,,
214854\420949_11.jpg,18/08/2025,11H01MIN29S,20,40,,
214855\420951_11.jpg,18/08/2025,11H0IMIN31S,20,40,,
214856\420953_11.jpg,18/08/2025,11H0IMIN34S,20,40,,
214857\420955_11.jpg,18/08/2025,11H0IMIN37S,20,40,,
214858\420957_11.jpg,18/08/2025,11H01MIN40S,20,40,,
214859\420959_11.jpg,18/08/2025,11H01IMIN42S,20,40,,
214860\420961_11.jpg,18/08/2025,11H0IMIN45S,20,40,,
214861\420963_11.jpg,18/08/2025,11H0IMIN48S,20,40,,
214862\420965_11.jpg,18/08/2025,11H0IMIN,20,40,,
214863\420967_11.jpg,18/08/2025,11H0IMIN,20,40,,
214864\420969_11.jpg,18/08/2025,11H01MIN,20,40,,
214865\420971_11.jpg,18/08/2025,11H0IMIN59S,20,40,,
214866\420973_11.jpg,18/08/2025,11H02MIN01S,20,40,,
214867\420975_11.jpg,18/08/2025,11H02MIN04S,20,40,,
214868\420977_11.jpg,18/08/2025,11H02MIN07S,20,40,,
214869\420979_11.jpg,18/08/2025,11H02MIN1,20,40,,
214870\420981_11.jpg,18/08/2025,11H02MIN12S,20,40,,
214871\420983_11.jpg,18/08/2025,11H02MIN,20,40,,
214872\420985_11.jpg,18/08/2025,11H02MIN18S,20,40,,
214873\420987_11.jpg,18/08/2025,11H02MIN,20,40,,
214874\420989_11.jpg,18/08/2025,11H02MIN23S,20,40,,
214875\420991_11.jpg,18/08/2025,11H02MIN26S,20,40,,
214876\420993_11.jpg,18/08/2025,11H02MIN29S,20,40,,
214877\420995_11.jpg,18/08/2025,11H02MIN32S,20,40,,
214878\420997_11.jpg,18/08/2025,11H02MIN34S,20,40,,
214879\420999_11.jpg,18/08/2025,11H02MIN37S,20,40,,
214880\421001_11.jpg,18/08/2025,11H02MIN40S,20,40,,
214881\421003_11.jpg,18/08/2025,11H02MIN42S,20,40,,
214882\421005_11.jpg,18/08/2025,11H02MIN45S,20,40,,
214883\421007_11.jpg,18/08/2025,11H02MIN48S,20,40,,
214884\421009_11.jpg,18/08/2025,11H02MIN,20,40,,
214885\421011_11.jpg,18/08/2025,11H02MIN,20,40,,
214886\421013_11.jpg,18/08/2025,11H02MIN,20,40,,
214887\421015_11.jpg,18/08/2025,11H02MIN59S,20,40,,
214888\421017_11.jpg,18/08/2025,11H03MIN02S,20,40,,
214889\421019_11.jpg,18/08/2025,11H03MIN04S,20,40,,
214890\421021_11.jpg,18/08/2025,11H03MIN07S,20,40,,
214891\421023_11.jpg,18/08/2025,11H03MINI,20,40,,
214892\421025_11.jpg,18/08/2025,11H03MINI3S,20,40,,
214893\421027_11.jpg,18/08/2025,11H03MINI,20,40,,
214894\421029_11.jpg,18/08/2025,11H03MIN18S,20,40,,
214895\421031_11.jpg,18/08/2025,11H03MIN2IS,20,40,,
214896\421033_11.jpg,18/08/2025,11H03MIN23S,20,40,,
214897\421035_11.jpg,18/08/2025,11H03MIN26S,20,40,,
214898\421037_11.jpg,18/08/2025,11H03MIN29S,20,40,,
214899\421039_11.jpg,18/08/2025,11H03MIN32S,20,40,,
214900\421041_11.jpg,18/08/2025,11H03MIN34S,20,40,,
214901\421043_11.jpg,18/08/2025,11H03MIN3,20,40,,
214902\421045_11.jpg,18/08/2025,11H03MIN40S,20,40,,
214903\421047_11.jpg,18/08/2025,11H03MIN43S,20,40,,
214904\421049_11.jpg,18/08/2025,11H03MIN45S,20,40,,
214905\421051_11.jpg,18/08/2025,11H03MIN48S,20,40,,
214906\421053_11.jpg,18/08/2025,11H03MIN,20,40,,
214907\421055_11.jpg,18/08/2025,11H03MIN,20,40,,
214908\421057_11.jpg,18/08/2025,11H03MIN,20,40,,
214909\421059_11.jpg,18/08/2025,11H03MIN,20,40,,
214910\421061_11.jpg,18/08/2025,11H04MIN02S,20,40,,
214911\421063_11.jpg,18/08/2025,11H04MIN04S,20,40,,
214912\421065_11.jpg,18/08/2025,11H04MIN07S,20,40,,
214913\421067_11.jpg,18/08/2025,11H04MIN10S,20,40,,
214914\421069_11.jpg,18/08/2025,11H04MIN13S,20,40,,
214915\421071_11.jpg,18/08/2025,11H04MINI,20,40,,
214916\421073_11.jpg,18/08/2025,11H04MIS,20,40,,
214917\421075_11.jpg,18/08/2025,11H04MIN21S,20,40,,
214918\421077_11.jpg,18/08/2025,11H04MIN24S,20,4,,Resultado parcial
214919\421079_11.jpg,18/08/,11H04MIN26S,20,40,,
214920\421081_11.jpg,18/08/2025,11H04MIN29S,20,40,,
214921\421083_11.jpg,18/08/2025,11H04,20,40,,
214922\421085_11.jpg,18/08/2025,11H04MIN34S,20,40,,
214923\421087_11.jpg,18/08/2025,11H04MIN3,20,40,,
214924\421089_11.jpg,18/08/2025,11H04MIN40S,20,40,,
214925\421091_11.jpg,18/08/2025,11H04N,20,4,,Resultado parcial
214926\421093_11.jpg,18/08/2025,11H04MIN4,20,40,,
214927\421095_11.jpg,18/08/2025,11H04MIN48S,20,40,,
214928\421097_11.jpg,18/08/2025,11H04MIN,20,40,,
214929\421099_11.jpg,18/08/2025,11H04MIN54S,2,40,,
214930\421101_11.jpg,18/08/2025,11H04MIN,20,40,,
214931\421103_11.jpg,18/08/2025,11H04MIN,20,40,,
214932\421105_11.jpg,18/08/2025,11H0,20,40,,
214933\421107_11.jpg,18/08/2025,11H0,20,40,,
214934\421109_11.jpg,18/08/2025,11H0,20,40,,
214935\421111_11.jpg,18/08/2025,11H0,20,40,,
214936\421113_11.jpg,18/08/2025,11H0,20,40,,
214937\421115_11.jpg,18/08/2025,11H0,20,40,,
214938\421117_11.jpg,18/08/2025,11H0,20,40,,
214939\421119_11.jpg,18/08/2025,11H,20,40,,
214940\421121_11.jpg,18/08/2025,11H05MIN,20,40,,
214941\421123_11.jpg,18/08/2025,11H0,20,40,,
214942\421125_11.jpg,18/08/2025,11H0,20,40,,
214943\421127_11.jpg,18/08/2025,11H0,20,40,,
214944\421129_11.jpg,18/08/2025,11H0,20,40,,
214945\421131_11.jpg,18/08/2025,11H0,20,40,,
214946\421133_11.jpg,18/08/2025,11H0,20,40,,
214947\421135_11.jpg,18/08/2025,11H0,20,40,,
214948\421137_11.jpg,18/08/2025,11H0,20,40,,
214949\421139_11.jpg,18/08/2025,11H0,20,40,,
214950\421141_11.jpg,18/08/2025,11H0,20,40,,
214951\421143_11.jpg,18/08/2025,11H0,20,40,,
214952\421145_11.jpg,18/08/2025,11H0,20,40,,
214953\421147_11.jpg,18/08/2025,11H0,20,40,,
214954\421149_11.jpg,18/08/2025,11H06MIN02S,20,40,,
214955\421151_11.jpg,18/08/2025,11H06MIN0,20,40,,
214956\421153_11.jpg,18/08/2025,11H06MIN07S,20,40,,
214957\421155_11.jpg,4,11H06MIN1,20,40,,
214958\421157_11.jpg,18/08/2025,11H06MIN13S,20,40,,
214959\421159_11.jpg,18/08/2025,11H06MIN16S,20,40,,
214960\421161_11.jpg,18/08/2025,11H06MIN18S,20,40,,
214961\421163_11.jpg,18/08/2025,11H06MIN21S,20,40,,
214962\421165_11.jpg,18/08/2025,11H06MIN24S,20,40,,
214963\421167_11.jpg,18/08/2025,11H06MIN26S,20,40,,
214964\421169_11.jpg,18/08/2025,11H06MIN29S,20,40,,
214965\421171_11.jpg,18/08/2025,11H06MIN32S,20,40,,
214966\421173_11.jpg,18/08/2025,11H06MIN35S,20,40,,
214967\421175_11.jpg,18/08/2025,11H06MIN37S,20,40,,
214968\421177_11.jpg,18/08/2025,11H06MIN40S,20,40,,
214969\421179_11.jpg,18/08/2025,11H06MIN43S,20,40,,
214970\421181_11.jpg,18/08/2025,11H06MIN46S,20,40,,
214971\421183_11.jpg,18/08/2025,11H06MIN48S,20,40,,
214972\421185_11.jpg,18/08/2025,11H06MIN,20,40,,
214973\421187_11.jpg,18/08/2025,11H06MIN54S,20,4,,Resultado parcial
214974\421189_11.jpg,18/08/2025,11H06MIN57S,20,40,,
214975\421191_11.jpg,18/08/2025,11H06MIN,20,40,,
214976\421193_11.jpg,18/08/2025,11H07MIN02S,20,40,,
214977\421195_11.jpg,18/08/2025,11H07MIN0,20,40,,
214978\421197_11.jpg,18/08/2025,11H07MIN07S,20,40,,
214979\421199_11.jpg,18/08/2025,11H07MIN1I0,20,40,,
214980\421201_11.jpg,18/08/2025,11H07MIN1I3S,20,40,,
214981\421203_11.jpg,18/08/2025,11H07MINI6S,20,40,,
214982\421205_11.jpg,18/08/2025,11H07MIN1,20,40,,
214983\421207_11.jpg,18/08/2025,11H07MIN21S,20,40,,
214984\421209_11.jpg,18/08/2025,11H07MIN24S,20,40,,
214985\421211_11.jpg,18/08/2025,11H07MIN27S,20,40,,
214986\421213_11.jpg,18/08/2025,11H07,20,40,,
214987\421215_11.jpg,18,11H07MIN32S,20,40,,
214988\421217_11.jpg,18/08/2025,11H07MIN35S,20,40,,
214989\421219_11.jpg,18/08/2025,11H07,20,40,,
214990\421221_11.jpg,18/08/2025,1,20,40,,
214991\421223_11.jpg,18/08/2025,11H07,20,40,,
214992\421225_11.jpg,18/08/2025,11H07,20,40,,
214993\421227_11.jpg,18/08/2025,11H07,20,40,,
214994\421229_11.jpg,18/08/2025,11H07,20,40,,
214995\421231_11.jpg,18/08/2025,11H07MIN,20,40,,
214996\421233_11.jpg,18/08/2025,11H07MIN57S,20,40,,
214997\421235_11.jpg,18/08/2025,11H07MIN59S,20,40,,
214998\421237_11.jpg,18/08/2025,11H08MIN02S,20,40,,
214999\421239_11.jpg,18/08/2025,11H08MIN0,20,40,,
215000\421241_11.jpg,18/08/2025,11H08MIN08S,20,40,,
215001\421243_11.jpg,18/08/2025,11H08MIN10S,20,40,,
215002\421245_11.jpg,18/08/2025,11H08MIN13,20,40,,
215003\421247_11.jpg,18/08/2025,11H08MIN16S,20,40,,
215004\421249_11.jpg,18/08/2025,11H08MINI8S,20,40,,
215005\421251_11.jpg,18/08/,11H08MIN21S,20,40,,
215006\421253_11.jpg,18/08/2025,11H08MIN24S,20,40,,
215007\421255_11.jpg,18/08/2025,11H08MIN27S,20,40,,
215008\421257_11.jpg,18/08/2025,11H08MIN29S,20,40,,
215009\421259_11.jpg,18/08/2025,11H08MIN32S,20,40,,
215010\421261_11.jpg,18/08/2025,11H08MIN3,20,40,,
215011\421263_11.jpg,18/08/2025,11H08MIN38S,20,40,,
215012\421265_11.jpg,18/08/2025,11H08MIN40S,20,40,,
215013\421267_11.jpg,18/08/2025,11H08MIN43S,20,40,,
215014\421269_11.jpg,18/08/2025,11H08MIN46S,20,40,,
215015\421271_11.jpg,18/08/2025,11H08MIN49S,20,40,,
215016\421273_11.jpg,18/08/2025,11H08MIN,20,40,,
215017\421275_11.jpg,18/08/2025,11H08MIN,20,40,,
215018\421277_11.jpg,18/08/2025,11H08MIN5,20,40,,
215019\421279_11.jpg,18/08/2025,11H08MIN,20,40,,
215020\421281_11.jpg,18/08/2025,11H09MIN02S,20,40,,
215021\421283_11.jpg,18/08/2025,11H09MIN0,20,40,,
215022\421285_11.jpg,18/08/2025,11H09MIN08S,20,40,,
215023\421287_11.jpg,18/08/2025,11H09MIN10S,20,40,,
215024\421289_11.jpg,18/08/2025,11H09MIN13S,20,40,,
215025\421291_11.jpg,18/08/2025,11H09MIN,20,40,,
215026\421293_11.jpg,18/08/2025,11H09MINI9S,20,40,,
215027\421295_11.jpg,18/08/2025,11H09MIN21S,20,40,,
215028\421297_11.jpg,18/08/2025,11H09MIN24S,20,40,,
215029\421299_11.jpg,18/08/2025,11H09MIN27S,20,40,,
215030\421301_11.jpg,18/08/2025,11H09MIN30S,20,40,,
215031\421303_11.jpg,18/08/2025,11H09MIN32S,20,40,,
215032\421305_11.jpg,18/08/2025,11H09MIN3,20,40,,
215033\421307_11.jpg,18/08/2025,11H09MIN38S,20,40,,
215034\421309_11.jpg,18/08/2025,11H09MIN40S,20,40,,
215035\421311_11.jpg,18/08/2025,11H09MIN43S,20,40,,
215036\421313_11.jpg,18/08/2025,11H09MIN46S,20,40,,
215037\421315_11.jpg,18/08/2025,11H09MIN49S,20,40,,
215038\421317_11.jpg,18/08/2025,11H09MIN,20,40,,
215039\421319_11.jpg,18/08/2025,11H09MIN,20,40,,
215040\421321_11.jpg,18/08/2025,11H09MIN57S,20,40,,
215041\421323_11.jpg,18/08/2025,11H10MIN00S,20,40,,
215042\421325_11.jpg,18/08/2025,11H10MIN02S,20,40,,
215043\421327_11.jpg,18/08/2025,11H10MIN0,20,40,,
215044\421329_11.jpg,18/08/2025,11H10MIN08S,20,40,,
215045\421331_11.jpg,18/08/2025,11H10MINI,20,40,,
215046\421333_11.jpg,18/08/2025,11H10MIN13S,20,40,,
215047\421335_11.jpg,18/08/2025,11H10MINI,20,40,,
215048\421337_11.jpg,18/08/2025,11H10MIN19S,20,40,,
215049\421339_11.jpg,18/08/2025,11H10MIN21S,20,40,,
215050\421341_11.jpg,18/08/2025,11H10MIN24S,20,40,,
215051\421343_11.jpg,18/08/2025,11H10MIN27S,20,40,,
215052\421345_11.jpg,18/08/2025,11H10MIN30S,20,40,,
215053\421347_11.jpg,18/08/2025,11H10MIN32,20,40,,
215054\421349_11.jpg,18/08/2025,11H10MIN3,20,40,,
215055\421351_11.jpg,18/08/2025,11H10MIN38S,20,40,,
215056\421353_11.jpg,18/08/2025,11H10MIN41S,20,40,,
215057\421355_11.jpg,18/08/2025,11H10MIN43S,20,40,,
215058\421357_11.jpg,18/08/2025,11H10MIN46S,20,40,,
215059\421359_11.jpg,18/08/2025,11H10MIN49S,20,40,,
215060\421361_11.jpg,18/08/2025,11H10MIN,20,40,,
215061\421363_11.jpg,18/08/2025,11H10MIN,20,40,,
215062\421365_11.jpg,18/08/2025,11H10MIN57S,20,40,,
215063\421367_11.jpg,18/08/2025,11H1IMIN00S,20,40,,
215064\421369_11.jpg,18/08/,11H11MIN02S,20,40,,
215065\421371_11.jpg,18/08/2025,11H1IMIN0,20,40,,
215066\421373_11.jpg,18/08/2025,11H11MIN08S,20,40,,
215067\421375_11.jpg,18/08/2025,11H1IMINI,20,40,,
215068\421377_11.jpg,18/08/2025,11H1IMINI3S,20,40,,
215069\421379_11.jpg,18/08/2025,11H11MIN,20,40,,
215070\421381_11.jpg,18/08/2025,11H1IMINI9S,20,40,,
215071\421383_11.jpg,18/08/2025,11H1IMIN22S,20,40,,
215072\421385_11.jpg,18/08/2025,11H11IMIN24S,20,40,,
215073\421387_11.jpg,18/08/2025,11H1,20,40,,
215074\421389_11.jpg,18/08/2025,11H1IMIN30S,20,40,,
215075\421391_11.jpg,18/08/2025,11H11MIN32S,20,40,,
215076\421393_11.jpg,18/08/2025,11H1IMIN3,20,40,,
215077\421395_11.jpg,18/08/2025,11H11IMIN38S,20,40,,
215078\421397_11.jpg,18/08/2025,11H1IMIN41S,20,40,,
215079\421399_11.jpg,18/08/2025,11H11MIN43,20,40,,
215080\421401_11.jpg,18/08/2025,11H11MIN46S,20,40,,
215081\421403_11.jpg,18/08/2025,11H1IMIN49S,20,40,,
215082\421405_11.jpg,18/08/2025,11H11MIN,20,40,,
215083\421407_11.jpg,18/08/2025,11H1IMIN,20,40,,
215084\421409_11.jpg,18/08/2025,11H1IMIN57S,20,40,,
215085\421411_11.jpg,18/08/2025,11H12MIN00S,20,40,,
215086\421413_11.jpg,18/08/2025,11H12MIN02S,20,40,,
215087\421415_11.jpg,18/08/2025,11H12MIN0,20,40,,
215088\421417_11.jpg,18/08/2025,11H12MIN08S,20,40,,
215089\421419_11.jpg,18/08/2025,11H12MIN,20,40,,
215090\421421_11.jpg,18/08/2025,11H12MIN13S,20,40,,
215091\421423_11.jpg,18/08/2025,11H12MIN16S,20,40,,
215092\421425_11.jpg,18/08/2025,11H12MIN19S,20,40,,
215093\421427_11.jpg,18/08/2025,11H12MIN22S,20,40,,
215094\421429_11.jpg,18/08/2025,11H12MIN24S,20,40,,
215095\421431_11.jpg,18/08/2025,11H12MIN27S,20,40,,
215096\421433_11.jpg,18/08/2025,11H12MIN30S,20,40,,
215097\421435_11.jpg,18/08/2025,11H12MIN33S,20,40,,
215098\421437_11.jpg,18/08/2025,11H12MIN3,20,40,,
215099\421439_11.jpg,18/08/2025,11H12MIN38S,20,40,,
215100\421441_11.jpg,18/08/2025,11H12MIN41S,20,40,,
215101\421443_11.jpg,18/08/2025,11H12MIN43S,20,40,,
215102\421445_11.jpg,18/08/2025,11H12MIN46S,20,40,,
215103\421447_11.jpg,18/08/2025,11H12MIN49S,20,40,,
215104\421449_11.jpg,18/08/2025,11H12MIN,20,40,,
215105\421451_11.jpg,18/08/2025,11H12MIN54S,20,40,,
215106\421453_11.jpg,18/08/2025,11H12MIN57S,20,40,,
215107\421455_11.jpg,18/08/2025,11H13MIN00S,20,40,,
215108\421457_11.jpg,18/08/2025,11H13MIN03S,20,40,,
215109\421459_11.jpg,18/08/2025,11H13MIN0,20,40,,
215110\421461_11.jpg,18/08/2025,11H13MIN08S,20,40,,
215111\421463_11.jpg,18/08/2025,11H1I3MIN,20,40,,
215112\421465_11.jpg,18/08/2025,11H13MIN,20,40,,
215113\421467_11.jpg,18/08/2025,11H13MIN16S,20,40,,
215114\421469_11.jpg,18/08/2025,11H13MINI9S,20,40,,
215115\421471_11.jpg,18/08/2025,11H13MIN22S,20,40,,
215116\421473_11.jpg,18/08/2025,11H13MIN24S,20,40,,
215117\421475_11.jpg,18/08/2025,11H13MIN27S,20,40,,
215118\421477_11.jpg,18/08/2025,11H13MIN30S,20,40,,
215119\421479_11.jpg,18/08/2025,11H13MIN33S,20,40,,
215120\421481_11.jpg,18/08/2025,11H13MIN3,20,40,,
215121\421483_11.jpg,18/08/2025,S,20,40,,
215122\421485_11.jpg,18/08/2025,11H13MIN41S,20,40,,
215123\421487_11.jpg,18/08/2025,11H13MIN44S,20,40,,
215124\421489_11.jpg,18/08/2025,11H13MIN46S,20,40,,
215125\421491_11.jpg,18/08/2025,11H13MIN49S,20,40,,
215126\421493_11.jpg,18/08/2025,11H13MIN,20,40,,
215127\421495_11.jpg,18/08/2025,11,20,40,,
215128\421497_11.jpg,18/08/2025,11H13MIN57S,20,40,,
215129\421499_11.jpg,18/08/2025,11H14MIN00S,20,40,,
215130\421501_11.jpg,18/08/2025,11H14MIN03S,20,40,,
215131\421503_11.jpg,18/08/2025,11H14MIN0,20,40,,
215132\421505_11.jpg,18/08/,11H14MIN08SS,20,40,,
215133\421507_11.jpg,18/08/2025,11H14MIN,20,40,,
215134\421509_11.jpg,18/08/2025,11H14MIN14S,20,40,,
215135\421511_11.jpg,18/08/2025,11H14MIN16S,20,40,,
215136\421513_11.jpg,18/08/2025,11H14MINI19S,20,40,,
215137\421515_11.jpg,18/08/2025,11H14MI,20,40,,
215138\421517_11.jpg,18/08/2025,11H14MIN2,20,40,,
215139\421519_11.jpg,18/08/2025,11H14MIN27S,20,40,,
215140\421521_11.jpg,18/08/2025,11H14MIN30S,20,40,,
215141\421523_11.jpg,18/08/2025,11H14MIN33S,20,40,,
215142\421525_11.jpg,18/08/2025,11H14MIN3,20,40,,
215143\421527_11.jpg,18/08/2025,11H14MIN38S,20,40,,
215144\421529_11.jpg,18/08/2025,11H14MIN,20,40,,
215145\421531_11.jpg,18/08/2025,11H14MIN44S,20,40,,
215146\421533_11.jpg,18/08/2025,11H14MIN46S,20,40,,
215147\421535_11.jpg,18/08/2025,11H14MIN49S,20,40,,
215148\421537_11.jpg,18/08/2025,11H14MIN,20,40,,
215149\421539_11.jpg,18/08/2025,11H14MIN,20,40,,
215150\421541_11.jpg,18/08/2025,11H14MIN5,20,40,,
215151\421543_11.jpg,18/08/2025,11H1,20,40,,
215152\421545_11.jpg,18/08/2025,11H1,20,40,,
215153\421547_11.jpg,18/08/2025,11H15MIN06S,20,40,,
215154\421549_11.jpg,18/08/2025,11H1,20,40,,
215155\421551_11.jpg,19,11H1I,20,40,,
215156\421553_11.jpg,18/08/2025,11H1,20,40,,
215157\421555_11.jpg,18/08/2025,11H1,20,40,,
215158\421557_11.jpg,18/08/2025,11H1,20,40,,
215159\421559_11.jpg,18/08/2025,11H1,20,40,,
215160\421561_11.jpg,18/08/2025,11H1,20,40,,
215161\421563_11.jpg,18/08/2025,11H1,20,40,,
215162\421565_11.jpg,18/08/2025,1,20,40,,
215163\421567_11.jpg,18/08/2025,11H1,20,40,,
215164\421569_11.jpg,18/08/2025,11H1,20,40,,
215165\421571_11.jpg,18/08/2025,11H1,20,40,,
215166\421573_11.jpg,18/08/2025,11H1,20,40,,
215167\421575_11.jpg,18/08/2025,11H1,20,40,,
215168\421577_11.jpg,18/08/2025,11H1,20,40,,
215169\421579_11.jpg,18/08/2025,11H1,20,40,,
215170\421581_11.jpg,18/08/2025,11H1,20,40,,
215171\421583_11.jpg,18/08/2025,11H1,20,40,,
215172\421585_11.jpg,18/08/2025,11H1,20,40,,
215173\421587_11.jpg,18/08/2025,11H16MIN00S,20,40,,
215174\421589_11.jpg,18/08/2025,11H16MIN03S,20,40,,
215175\421591_11.jpg,18/08/2025,11H16MIN06S,20,40,,
215176\421593_11.jpg,18/08/2025,11H16MIN08S,20,40,,
215177\421595_11.jpg,18/08/2025,11H16MIN1IS,20,40,,
215178\421597_11.jpg,18/08/2025,11H16MIN14S,20,40,,
215179\421599_11.jpg,18/08/2025,11H16MIN17S,20,40,,
215180\421601_11.jpg,18/08/2025,11H16MIN19S,20,40,,
215181\421603_11.jpg,18/08/2025,11H16MIN22S,20,40,,
215182\421605_11.jpg,18/08/2025,11H16MIN2,20,40,,
215183\421607_11.jpg,18/08/2025,11H16MIN27S,20,40,,
215184\421609_11.jpg,18/08/2025,11H16MIN30S,20,40,,
215185\421611_11.jpg,18,11H16MIN33S,20,40,,
215186\421613_11.jpg,18/08/2025,11H16MIN36S,20,40,,
215187\421615_11.jpg,1,11H16MIN38S,20,40,,
215188\421617_11.jpg,18/08/2025,11H16MIN41S,20,40,,
215189\421619_11.jpg,18/08/2025,11H16MIN,20,40,,
215190\421621_11.jpg,18/08/2025,11H16MIN4,20,40,,
215191\421623_11.jpg,18/08/2025,11H16MIN49S,20,40,,
215192\421625_11.jpg,18/08/2025,11H16MIN52S,20,40,,
215193\421627_11.jpg,18/08/2025,11H16MIN,20,40,,
215194\421629_11.jpg,18/08/2025,11H16MIN,20,40,,
"Faixa1_0,5Ciclos(110V).jpg",03/12/2025,15H05MIN24S,040,090,083,
"Faixa1_0,5Ciclos(220V).jpg",03/12/2025,15H20MIN19S,040,090,083,
Faixa1_1Ciclo(110V).jpg,03/12/2025,15H08MIN03S,040,090,083,
Faixa1_1Ciclos(220V).jpg,03/12/2025,15H24MIN30S,040,090,083,
"Faixa1_21,6Vcc.jpg",03/12/2025,16H00MIN56S,040,090,083,
"Faixa1_26,4Vcc.jpg",03/12/2025,15H56MIN39S,040,090,083,
Faixa1_300Ciclos(110V).jpg,03/12/2025,15H15MIN15S,040,090,083,
Faixa1_300Ciclos(220V).jpg,03/12/2025,15H26MIN21S,040,090,083,
Faixa1_30Ciclos(110V).jpg,03/12/2025,15H12MIN25S,040,090,083,
Faixa1_30Ciclos(220V).jpg,03/12/2025,15H26MIN12S,040,090,083,
"Faixa1_40%(21,6V).jpg",03/12/2025,20H05MIN37S,040,090,083,
"Faixa1_40%(26,4V).jpg",03/12/2025,20H40MIN18S,040,090,083,
"Faixa1_70%(21,6V).jpg",03/12/2025,20H34MIN54S,040,090,083,
"Faixa1_70%(26,4V).jpg",03/12/2025,20H46MIN06S,040,090,083,
"Faixa1_85-120%(21,6V).jpg",03/12/2025,20H31MIN49S,040,090,083,
"Faixa1_85-120%(26,4V).jpg",03/12/2025,20H45MIN46S,040,090,083,
Faixa1_AC(L-N).jpg,03/12/2025,09H32MIN23S,040,090,083,
Faixa1_AC(N-PE).jpg,03/12/2025,09H52MIN26S,040,090,083,
Faixa1_Assincrono.jpg,03/12/2025,09H59MIN59S,040,090,083,
Faixa1_DC(L+N-PE).jpg,03/12/2025,09H59MIN43S,040,090,083,
Faixa1_DC(L-PE).jpg,03/12/2025,09H56MIN25S,040,090,083,
Faixa1_LI(110V).jpg,03/12/2025,14H17MIN06S,040,090,083,
Faixa1_LI(220V).jpg,03/12/2025,14H28MIN48S,040,090,083,
Faixa1_LSCA(110V).jpg,03/12/2025,12H22MIN06S,040,090,083,
"Faixa2_0,5Ciclos(110V).jpg",03/12/2025,15H05MIN24S,040,090,083,
"Faixa2_0,5Ciclos(220V).jpg",03/12/2025,15H20MIN19S,040,090,083,
Faixa2_1Ciclo(110V).jpg,03/12/2025,15H08MIN03S,040,090,083,
Faixa2_1Ciclo(220V).jpg,03/12/2025,15H24MIN30S,040,090,083,
"Faixa2_21,6Vcc.jpg",03/12/2025,16H00MIN56S,040,090,083,
"Faixa2_26,4Vcc.jpg",03/12/2025,15H56MIN39S,040,090,083,
Faixa2_300Ciclos(110V).jpg,03/12/2025,15H15MIN15S,040,090,083,
Faixa2_300Ciclos(220V).jpg,03/12/2025,15H26MIN21S,040,090,083,
Faixa2_30Ciclos(110V).jpg,03/12/2025,15H12MIN25S,040,090,083,
Faixa2_30Ciclos(220V).jpg,03/12/2025,15H26MIN12S,040,090,083,
"Faixa2_40%(21,6).jpg",03/12/2025,20H05MIN37S,040,090,083,
"Faixa2_40%(26,4V).jpg",03/12/2025,20H40MIN18S,040,090,083,
"Faixa2_70%(21,6V).jpg",03/12/2025,20H34MIN54S,040,090,083,
"Faixa2_70%(26,4V).jpg",03/12/2025,20H46MIN06S,040,090,083,
"Faixa2_85-120%(21,6V).jpg",03/12/2025,20H31MIN49S,040,090,083,
"Faixa2_85-120%(26,4V).jpg",03/12/2025,20H45MIN46S,040,090,083,
Faixa2_AC(L-N).jpg,03/12/2025,09H32MIN24S,040,090,083,
Faixa2_AC(N-PE).jpg,03/12/2025,09H52MIN27S,040,090,083,
Faixa2_Assincrono.jpg,03/12/2025,09H59MIN59S,040,090,083,
Faixa2_DC(L+N-PE).jpg,03/12/2025,09H59MIN43S,040,090,083,
Faixa2_DC(L-PE).jpg,03/12/2025,09H56MIN25S,040,090,083,
Faixa2_LI(110V).jpg,03/12/2025,14H17MIN06S,040,090,083,
Faixa2_LI(220V).jpg,03/12/2025,14H28MIN48S,040,090,083,
Faixa2_LSCA(110V).jpg,03/12/2025,12H22MIN06S,040,090,083,
Faixa2_LSCA(220V).jpg,03/12/2025,12H33MIN32S,040,342,318,
Faixa_LSCA(220V).jpg,03/12/2025,12H33MIN32S,040,342,318,
